Rank,Stock,Daily Close,Support,Support R/R Raw,Setup,Trade Quality,Trigger,% From Trigger Daily,Breakout R/R,Initial Target,Stretch Target,Stop,ATR14,MA20,MA50,RS vs QQQ,VCP,Volume Dry-Up,RVOL,Target Upside %,Live,% From Trigger,% Above Support,Action,Support R/R
1,MGNI,25.670000076293945,24.22649965286255,25.618135909898083,94,91.5,26.84000015258789,-4.3591656842115745,1.5743151217793898,31.395000457763672,35.95000076293945,23.94667832510812,1.1192853110177177,24.22649965286255,22.973999786376954,35.03986954630556,0.8547381047329955,1.1029583076607106,1.7550417608541076,16.970939937705598,25.670000076293945,-4.3591656842115745,5.958353225249491,WAIT,5R+
2,NET,352.260009765625,322.4365005493164,23.52197126733634,92,71.5,367.42999267578125,-4.128673002354,1.1818700116101084,425.79998779296875,484.16998291015625,318.04216275896346,17.57735116141183,322.4365005493164,302.8520001220703,43.407701377902775,0.8009745912619952,0.8805133024301166,0.6669517377635846,15.886018093436638,352.260009765625,-4.128673002354,9.249420945054299,WAIT,5R+
3,PLTR,186.97000122070312,178.4914993286133,37.81516493166666,91,84.0,194.67999267578125,-3.9603409416181234,2.177584315076302,233.07498931884766,271.46998596191406,177.04807074410576,5.773714338030134,178.4914993286133,166.07119903564453,60.04766163422135,0.6144078628068255,0.6226907282015216,0.5414336450403928,19.722107092437156,186.97000122070312,-3.9603409416181234,4.750087216467613,WAIT,5R+
4,TWLO,290.7799987792969,251.89650115966796,30.476548141999245,91,71.5,304.75,-4.584085716391506,1.1043831549069167,367.30249786376953,429.85499572753906,248.10978633335657,15.146859305245536,251.89650115966796,230.7104006958008,40.72181378689641,0.806212337966421,1.5436485396559603,1.1716325394683578,20.52584015218033,290.7799987792969,-4.584085716391506,15.436299210437255,WAIT,5R+
5,VRNS,47.11000061035156,46.7144998550415,15.400367297896494,89,78.0,48.790000915527344,-3.44332911180808,2.071448478720934,54.08000183105469,59.37000274658203,46.236231912885394,1.913071768624442,46.7144998550415,44.5265998840332,12.06583460241668,0.8437409786693753,0.9033278506821385,0.43246633146715163,10.842387407793241,47.11000061035156,-3.44332911180808,0.8466338214843994,BUY SUPPORT,5R+
6,DT,57.529998779296875,54.527499771118165,32.552219108595885,88,91.5,59.40999984741211,-3.1644522352193283,1.7851499520629386,68.91499900817871,78.41999816894531,54.08551763807024,1.7679285321916853,54.527499771118165,50.458799819946286,30.81022582037132,0.8399632297194637,1.28246267188645,0.5529619433129025,15.998988697490525,57.529998779296875,-3.1644522352193283,5.50639405947797,WAIT,5R+
7,TEM,82.58000183105469,71.13800010681152,31.25834848799703,88,89.0,86.44000244140625,-4.465525799780123,1.4585452148321767,110.60000038146973,134.7599983215332,69.87555336271014,5.049786976405552,71.13800010681152,60.70780014038086,42.34359429272414,0.8009502020936994,1.265827406469959,0.9044282704793479,27.95001996493516,82.58000183105469,-4.465525799780123,16.084233049935847,WAIT,5R+
8,QRVO,116.75,113.58999633789062,19.767426980355292,88,84.0,121.08999633789062,-3.584108075930781,2.2344570452436074,140.93999481201172,160.7899932861328,112.2064071382795,5.534356798444476,111.89349975585938,101.1352001953125,24.96646667158904,0.851144803906785,1.1587798398783744,0.4960884522182385,16.392764947098915,116.75,-3.584108075930781,2.781938343152568,WAIT,5R+
9,VIA,29.25,27.672000026702882,29.733126030772958,88,84.0,30.739999771118164,-4.847104041028971,2.0718957386761567,37.802499771118164,44.864999771118164,27.331285776410784,1.3628570011683874,27.672000026702882,25.140800018310546,61.03810771518236,0.8690449432280589,1.7356222689472525,0.5921848231661002,22.97495137470882,29.25,-4.847104041028971,5.702515075796399,WAIT,5R+
10,NVDA,227.2100067138672,222.64150009155273,25.593051090404558,86,78.0,234.75999450683594,-3.2160453099469244,1.6615597829785411,257.13499450683594,279.50999450683594,221.29373212541853,5.391071864536831,222.64150009155273,216.9765997314453,13.346142977546126,0.795746146675565,0.8642961452248399,0.8659566565487279,9.53101061661017,227.2100067138672,-3.2160453099469244,2.0519564503634014,WAIT FOR SUPPORT,5R+
11,DSGX,79.46499633789062,78.31424942016602,16.86410900059208,85,85.5,82.6500015258789,-3.853605721944253,1.6659188637377658,91.1400032043457,99.6300048828125,77.55371390751431,3.0421420506068637,78.31424942016602,77.067099609375,14.559710498737498,0.776655895134734,1.00783261707322,0.44067020163762943,10.272234146067682,79.46499633789062,-3.853605721944253,1.4693965992711,WAIT FOR SUPPORT,5R+
12,S,23.309999465942383,21.876999855041504,19.57169870015798,85,83.0,24.398000717163086,-4.459386913843866,1.270072125537677,27.997000694274902,31.59600067138672,21.564303398132324,1.2507858276367188,21.876999855041504,21.128599815368652,37.152286352010755,0.767023333799127,1.1615514489786871,0.7755107630466421,14.751208588087517,23.309999465942383,-4.459386913843866,6.550256526927978,WAIT,5R+
13,OKTA,204.8800048828125,184.4077491760254,25.92647925660889,84,89.0,212.5,-3.5858800551470615,1.3776604595143818,254.95000076293945,297.4000015258789,181.68689182826452,10.883429391043526,184.4077491760254,160.37890014648437,49.94248191827511,0.5911366431725054,1.2522926447687681,0.6984342141105966,19.976470947265625,204.8800048828125,-3.5858800551470615,11.101624415601673,WAIT,5R+
14,SMCI,41.02000045776367,39.41299953460693,24.439269332450717,83,76.0,43.7599983215332,-6.261421318248194,2.0619932264603755,53.949997901916504,64.1399974822998,38.81817821775164,2.3792852674211775,39.41299953460693,35.72779975891113,39.649040633000986,0.8503274968063117,0.7911593356886596,0.6606292333867463,23.286105967168314,41.02000045776367,-6.261421318248194,4.077337279913706,WAIT,5R+
15,MSFT,508.9599914550781,499.9084976196289,31.535247085746974,83,72.0,519.4000244140625,-2.010017802898989,3.256370448748131,592.4250335693359,665.4500427246094,496.974747467041,11.735000610351562,499.9084976196289,480.25299865722656,36.23532468859183,0.8810524657445875,0.8141632669733405,0.938377594988861,14.059492823022723,508.9599914550781,-2.010017802898989,1.8106301210219389,WAIT FOR SUPPORT,5R+
16,FTNT,175.9600067138672,167.4020004272461,18.907852654053993,83,59.5,181.3699951171875,-2.9828464183531467,1.1973733281728969,200.16999053955078,218.96998596191406,165.66896438598633,6.9321441650390625,167.4020004272461,162.17119995117187,14.334622104950313,0.7771823340338089,0.9143624545286996,0.5657304987121389,10.365548838558514,175.9600067138672,-2.9828464183531467,5.112248518404328,WAIT,5R+
17,RBRK,114.7699966430664,101.61400032043457,25.702915579093,82,85.5,116.12000274658203,-1.162595652414733,1.523420044087746,140.52500534057617,164.9300079345703,100.10012517656598,6.055500575474331,101.61400032043457,93.655,42.75436732757125,0.5862640246838381,0.9554684565615195,0.5969571415051932,21.01705306298962,114.7699966430664,-1.162595652414733,12.947031197615555,WAIT,5R+
18,P,130.0500030517578,105.61849975585938,33.938377022591716,82,65.5,131.41000366210938,-1.0349292842639968,1.2109618358785486,164.75250244140625,198.09500122070312,103.87610639844623,6.969573429652622,105.61849975585938,98.4279998779297,64.85125639631232,0.8377440948703806,4.086276957550766,0.5361199140005257,25.372877140335113,130.0500030517578,-1.0349292842639968,23.131840872927235,WAIT,5R+
19,AVT,102.5,95.43950004577637,20.653724673343433,82,59.5,104.58000183105469,-1.9889097290463398,1.2014786412971699,116.80500411987305,129.0300064086914,94.40503752572197,4.137850080217634,95.43950004577637,92.91999938964844,15.194173696455216,0.830590938523807,1.2285456295549342,1.2062125181076475,11.68961758919016,102.5,-1.9889097290463398,7.397880281054636,WAIT,5R+
20,HPE,61.4900016784668,58.34200019836426,20.251222815724162,80,81.0,65.6500015258789,-6.336633283659953,1.404658274964895,77.22500228881836,88.80000305175781,57.40956257411412,3.729750497000558,58.34200019836426,54.61980018615723,36.10347786874195,0.8330748577082181,0.9341288592394381,0.4362691089893958,17.63137927479963,61.4900016784668,-6.336633283659953,5.395772289944212,WAIT,5R+
21,NTAP,209.17999267578125,192.77150039672853,22.49508205238653,80,76.0,209.05999755859375,0.057397454600982556,1.4768265039996826,235.9499969482422,262.8399963378906,190.8520365578788,7.677855355398996,192.77150039672853,189.24000030517578,34.95636196106642,0.8663391457385803,0.9797461877130609,1.004662012658445,12.86233602969018,209.17999267578125,0.057397454600982556,8.511886998484552,BUY BREAKOUT,5R+
22,PI,176.4499969482422,175.66275024414062,23.223511777797636,80,76.0,186.66000366210938,-5.469841698036859,2.4267512675875293,217.7450065612793,248.83000946044922,173.85069629124231,7.248215811593192,175.66275024414062,166.02530044555664,22.98570339947632,0.8115559548132876,0.9584824896086247,0.5227803837953092,16.653274557649624,176.4499969482422,-5.469841698036859,0.44815802041549,BUY SUPPORT,5R+
23,RNG,74.43000030517578,73.93100051879883,34.98444532807199,80,76.0,81.9000015258789,-9.120880441428003,2.535300937520441,104.30500221252441,126.71000289916992,73.06278604779925,3.472857883998326,73.93100051879883,65.62260025024415,90.73631370846707,0.8501508730352978,0.8867621782190499,0.9250440309008396,27.356532685247803,74.43000030517578,-9.120880441428003,0.6749533793338536,BUY SUPPORT,5R+
24,AAPL,329.3999938964844,330.9584991455078,21.843183003965677,80,75.5,345.3399963378906,-4.615741764765091,1.4100233162998266,368.00999450683594,390.67999267578125,329.26224931989395,6.784999302455357,330.9584991455078,321.9813995361328,13.629674790550151,0.7155769978305495,0.8285415610101573,0.886630754461446,6.56454462539704,329.3999938964844,-4.615741764765091,-0.47090654962700373,WAIT,5R+
25,LITE,973.489990234375,915.9485015869141,21.591724523346368,79,83.5,1026.760009765625,-5.188166565175223,1.7147082789327572,1242.7200012207031,1458.6799926757812,900.8143931797573,60.53643362862723,915.9485015869141,866.9943017578125,13.244675207219903,0.832369305767396,1.0970339359224273,1.3573304727123576,21.033151797991678,973.489990234375,-5.188166565175223,6.282175094753506,WAIT,5R+
26,CRWD,262.739990234375,233.9125015258789,23.52604726563837,79,82.0,263.8699951171875,-0.42824303775450545,1.3538876063724916,308.73499298095703,353.59999084472656,230.73209086826867,12.721642630440849,233.9125015258789,215.0395999145508,37.50745822175112,0.8305274305557855,1.1485877977675802,0.5827727017016996,17.002690223965967,262.739990234375,-0.42824303775450545,12.32404788989303,WAIT,5R+
27,HNGE,95.20999908447266,92.62350006103516,16.482416377499078,79,72.0,96.66000366210938,-1.5001081343897327,2.6093538279654513,109.93295288085938,123.20590209960938,91.57332316807339,4.200707571847098,92.62350006103516,87.45880004882812,14.503079069607683,0.8600954775029831,1.0673422600259161,0.9125284870686575,13.731583608405117,95.20999908447266,-1.5001081343897327,2.7924868113741175,WAIT,5R+
28,PANW,388.4100036621094,362.25500030517577,17.355380417670673,79,59.5,398.8800048828125,-2.624849852721778,1.0927004247000056,444.0500030517578,489.2200012207031,357.5420524597168,18.851791381835938,362.25500030517577,357.9859997558594,13.688787199474838,0.7745842834152734,1.052053333548953,0.7155259173197307,11.324207184116908,388.4100036621094,-2.624849852721778,7.22005309378746,WAIT,5R+
29,TEL,212.58999633789062,208.54899978637695,19.48107610593302,78,58.0,221.97999572753906,-4.230110627253925,1.0616497013033712,237.83499145507812,253.6899871826172,207.04569516863143,6.013218470982143,208.54899978637695,208.4438003540039,5.238393088181237,0.7452139518718979,0.8341659254190901,0.8652008029655538,7.142533576313648,212.58999633789062,-4.230110627253925,1.9376724681743784,WAIT FOR SUPPORT,5R+
30,ANET,202.86000061035156,197.4134994506836,25.057585979366188,77,77.5,214.88999938964844,-5.59821248707043,1.5013745691312508,243.91500091552734,272.94000244140625,195.55771408081054,7.4231414794921875,197.4134994506836,191.62940002441405,19.20593751707984,0.7990456154227479,0.8114660428364137,0.9465015946433343,13.50691126079322,202.86000061035156,-5.59821248707043,2.7589304555277305,WAIT,5R+
31,CVLT,146.35000610351562,141.0,21.341310647913552,76,85.5,152.24000549316406,-3.868890683870152,1.6216059334138755,172.89000701904297,193.54000854492188,139.5057146889823,5.977141244070871,140.72550048828126,137.74180084228516,3.0519634027338816,0.8101981798626265,0.9923565703262712,0.8949357938979663,13.564109813964853,146.35000610351562,-3.868890683870152,3.794330569869242,WAIT,5R+
32,DELL,539.5900268554688,537.7150054931641,22.523039338951673,76,83.5,595.510009765625,-9.390267500652872,1.803194525951669,713.8250122070312,832.1400146484375,529.895900617327,31.276419503348215,537.7150054931641,481.8178015136719,24.853664867083893,0.8276876425880797,1.1722879972252247,0.4988551841641244,19.86784445285337,539.5900268554688,-9.390267500652872,0.34870169944114515,BUY SUPPORT,5R+
33,HOOD,116.22000122070312,115.89149971008301,22.435008359112437,76,83.5,126.73999786376953,-8.300455121021976,1.7515867738282893,148.2699966430664,169.79999542236328,114.44828665597099,5.772852216448102,115.89149971008301,104.91639984130859,15.687732047905257,0.7829258593811126,1.0547934047617846,0.6251370137025707,16.98753285639083,116.22000122070312,-8.300455121021976,0.28345608732469607,BUY SUPPORT,5R+
34,NTSK,17.270000457763672,16.81999969482422,25.33760467153744,76,83.5,18.959999084472656,-8.91349529701725,1.7620259979893065,23.17249870300293,27.384998321533203,16.56928542682103,1.002857072012765,16.401499938964843,14.908299980163575,57.653307367486725,0.7825984316980736,1.475227354118724,0.7471268102906911,22.217826065087266,17.270000457763672,-8.91349529701725,2.6753910291563487,WAIT,5R+
35,SWKS,88.04000091552734,84.44000244140625,18.45175704280629,76,83.5,92.80000305175781,-5.129312478120984,1.9016429611317,111.48500442504883,130.17000579833984,82.97428825923375,5.862856728690011,83.33799896240234,72.88779991149903,29.64473967931127,0.8371834537161549,1.0403335638500022,0.40520582885320294,20.134699093565466,88.04000091552734,-5.129312478120984,4.263380352954349,WAIT,5R+
36,COIN,190.02000427246094,185.14950103759764,19.92828413215128,76,81.0,208.3300018310547,-8.788939373908445,1.3270489809564399,242.94000244140625,277.5500030517578,182.2495774405343,11.599694388253349,185.14950103759764,171.725,29.773768435442772,0.7572693443569678,1.0839071931636823,0.5845434321370965,16.613065956010775,190.02000427246094,-8.788939373908445,2.6305786445917967,WAIT,5R+
37,MSTR,154.6699981689453,143.66950073242188,30.55337845674827,76,81.0,171.19000244140625,-9.650098742252943,1.3772215465335453,212.18000411987305,253.17000579833984,141.42717903682166,8.969286782400948,143.66950073242188,120.04660018920899,77.71700112213354,0.8021131419913883,1.1211005180846265,0.6723261903178614,23.9441562555597,154.6699981689453,-9.650098742252943,7.6568077291584435,WAIT,5R+
38,SMTC,180.10000610351562,163.1875015258789,23.847291731689413,76,81.0,190.63999938964844,-5.528741775009216,1.4379529245824978,234.4099998474121,278.1800003051758,160.20089411054337,11.946429661342076,163.1875015258789,143.03120025634766,11.068109095590817,0.8402782033361501,1.3786882009097536,0.8241703284174458,22.959505139476178,180.10000610351562,-5.528741775009216,10.363847978244012,WAIT,5R+
39,ZS,198.35499572753906,188.19674911499024,24.923192225476193,76,81.0,216.97000122070312,-8.579529607057879,1.2525628154922805,256.44000244140625,295.9100036621094,185.4586065564837,10.952570234026227,188.19674911499024,175.80609954833983,40.32004714607753,0.7483530093280013,1.2175162057849511,0.4321036399758487,18.191455500133415,198.35499572753906,-8.579529607057879,5.3976737963427945,WAIT,5R+
40,JOYY,80.5999984741211,77.54049949645996,22.369863080400634,76,72.0,81.26000213623047,-0.8122122135843624,1.5385472109817093,87.68000411987305,94.10000610351562,77.08723321642194,1.8130651201520647,77.54049949645996,75.38519989013672,21.931956579893665,0.8270262515852235,1.249907778127671,0.7534287768843564,7.900568317583345,80.5999984741211,-0.8122122135843624,3.9456787066490584,WAIT,5R+
41,KT,19.270000457763672,19.607000160217286,21.42847195524665,76,70.5,20.1299991607666,-4.27222423674547,2.3429636529779407,21.569998741149902,23.009998321533203,19.515393134525844,0.3664281027657645,19.607000160217286,19.077200088500977,11.308438720701997,0.7965562159476244,0.8226747409096495,0.7712518048420134,7.153500449169736,19.270000457763672,-4.27222423674547,-1.7187723756813544,WAIT,5R+
42,META,738.7899780273438,676.0619934082031,30.96477304064634,76,63.5,779.8200073242188,-5.261474303238323,1.1477387591365424,907.4850158691406,1035.1500244140625,668.5882417951311,29.895006452287948,676.0619934082031,618.9973962402344,30.94848080239938,0.8193985128303881,1.6155259512676357,0.9790667742896648,16.37108657714186,738.7899780273438,-5.261474303238323,9.278436775141397,WAIT,5R+
43,AMD,607.5700073242188,542.061003112793,31.39982476953805,75,71.5,639.0,-4.918621702000192,1.0390108679954977,746.4850006103516,853.9700012207031,535.5506483895438,26.041418892996653,542.061003112793,509.03520263671874,4.38159408551646,0.775889864006163,1.0967230553695186,0.7432559626056405,16.820813867034666,607.5700073242188,-4.918621702000192,12.085171933645732,WAIT,5R+
44,TEAM,175.9600067138672,187.14100036621093,32.45183712191784,74,76.0,200.0,-12.01999664306641,3.97242023792875,260.0,320.0,184.89585783822196,8.980570111955915,187.14100036621093,157.59740005493165,125.9909829657043,0.8712736844446894,0.7315433632512239,1.3171773293517932,30.000000000000004,175.9600067138672,-12.01999664306641,-5.974636039384196,WAIT,5R+
45,QLYS,178.35000610351562,174.86250076293945,23.632800809061735,74,63.5,201.5399932861328,-11.506394738087355,1.2038057982675825,236.80998992919922,272.0799865722656,172.24125033787317,10.485001700265068,174.86250076293945,171.34540008544923,29.51076103936836,0.7445349421709222,0.9026973073198462,0.655839301172582,17.500247007050575,178.35000610351562,-11.506394738087355,1.9944272358910053,WAIT FOR SUPPORT,5R+
46,ASX,45.310001373291016,40.66550064086914,26.71209525792636,73,82.0,45.2400016784668,0.15472964683274082,1.456345994060578,52.550002098083496,59.860002517700195,40.220589773995535,1.7796434674944197,40.66550064086914,38.647200202941896,0.21334151082565977,0.8346585542910648,0.990945050917741,1.251255939389057,16.158267348376533,45.310001373291016,0.15472964683274082,11.421230918657654,BUY BREAKOUT,5R+
47,ESTC,88.80000305175781,88.4680004119873,51.14637383181577,73,81.0,108.0,-17.777774952076097,1.2716900495777366,133.9699993133545,159.93999862670898,87.5783576965332,3.5585708618164062,88.4680004119873,80.6178003692627,55.527070785234315,0.8339299733771754,0.7130439601249837,0.6777222586860325,24.046295660513415,88.80000305175781,-17.777774952076097,0.37527991841614927,BUY SUPPORT,5R+
48,NTNX,70.08999633789062,68.19899940490723,33.76809038528573,73,77.5,74.41999816894531,-5.8183310099321535,1.6420088307506506,85.47499656677246,96.52999496459961,67.68739223480225,2.046428680419922,68.19899940490723,64.88389976501465,37.33147855170971,0.8637416574573028,1.0379523994533648,1.0017259732523607,14.854875933657684,70.08999633789062,-5.8183310099321535,2.7727634561854453,WAIT,5R+
49,SAP,210.85000610351562,211.3769989013672,41.02221916705777,73,76.0,223.27999877929688,-5.566997825034825,2.978100374495941,262.43499755859375,301.5899963378906,210.13235637119837,4.978570120675223,211.3769989013672,202.9189990234375,36.610097592388,0.8555098779567074,0.5696153320168742,1.0868560205857478,17.53627686911625,210.85000610351562,-5.566997825034825,-0.24931416407206752,WAIT,5R+
50,SPSC,82.1500015258789,81.37450065612794,31.096270463137046,72,83.5,89.44000244140625,-8.150716364641376,1.8627214760240376,105.93500328063965,122.43000411987305,80.58467916761127,3.1592859540666853,81.37450065612794,77.13920036315918,43.486489303967616,0.5580368446830198,0.8222792425509174,0.7033530679122988,18.44253174080532,82.1500015258789,-8.150716364641376,0.9530023084603378,BUY SUPPORT,5R+
51,VEEV,278.57000732421875,269.83049926757815,45.78279594032833,72,76.0,296.239990234375,-5.96475273178897,2.0695938528564044,354.7349853515625,413.22998046875,267.9759929112026,7.418025425502232,269.83049926757815,244.98740020751953,56.75961461406436,0.8984578311646507,1.050751109986427,0.6810617674694625,19.74581320736213,278.57000732421875,-5.96475273178897,3.2388881465819974,WAIT,5R+
52,ARW,230.22999572753906,218.8005012512207,18.37199628923005,72,69.5,233.94000244140625,-1.5858795738862175,1.2841424018669252,255.9800033569336,278.02000427246094,216.77679617745537,8.094820295061384,218.8005012512207,214.4556005859375,7.6737755165567245,0.8287135664903394,0.8267070784905498,1.012951655369447,9.421219409043813,230.22999572753906,-1.5858795738862175,5.223705800927458,WAIT,5R+
53,CLS,366.4700012207031,333.57549743652345,20.825201864316025,72,65.5,381.29998779296875,-3.8893225929809705,1.0219181430965143,435.04998779296875,488.79998779296875,328.70282004220144,19.490709577287948,333.57549743652345,327.95899780273436,0.2500255830448772,0.5566744782203852,0.8127939753512821,1.042526923802441,14.096512384150461,366.4700012207031,-3.8893225929809705,9.861187058692522,WAIT,5R+
54,WCC,365.05999755859375,350.1205001831055,26.059856873294404,72,57.5,385.3699951171875,-5.270259183623693,1.1207413170011644,428.2349853515625,471.0999755859375,347.122997719901,11.99000985281808,350.1205001831055,349.1224005126953,5.475010530169699,0.7921511669279221,0.7846762325716039,0.7264305510270622,11.12307413070397,365.05999755859375,-5.270259183623693,4.266958766389073,WAIT,5R+
55,SHOP,148.25999450683594,138.8386001586914,25.92592459209284,71,63.5,158.8699951171875,-6.678416904668049,1.1004003659276613,182.77749252319336,206.68498992919922,137.14381422315324,6.779143742152622,137.37150039672852,138.8386001586914,29.639840679498942,0.7932152139681576,1.2342834955541393,0.8108592311032445,15.048466130039806,148.25999450683594,-6.678416904668049,6.785860947442535,WAIT,5R+
56,SNOW,330.30999755859375,332.0654998779297,33.82430706695161,71,63.5,384.55999755859375,-14.10703150208289,1.1748268534024593,450.3399963378906,516.1199951171875,328.56876907348635,13.986923217773438,332.0654998779297,319.3369995117188,29.580055093301617,0.7751515613291478,0.7940202546835876,1.018143034190629,17.105262949060183,330.30999755859375,-14.10703150208289,-0.5286614598569606,WAIT,5R+
57,DOCS,26.520000457763672,25.329999923706055,97.04836499305122,71,61.0,40.0,-33.69999885559082,0.6740449414276192,50.0600004196167,60.1200008392334,25.07517852102007,1.0192856107439314,26.0435001373291,24.623999977111815,27.661092876459836,0.538705287630911,0.562438531903304,1.1999655837895948,25.150001049041748,26.520000457763672,-33.69999885559082,4.697988699731148,WAIT,5R+
58,DOCU,66.9800033569336,67.61900062561035,30.598792562630035,70,76.0,74.06500244140625,-9.565920273988638,2.0050032084368823,88.34750366210938,102.6300048828125,66.94157183510917,2.7097151620047435,67.61900062561035,61.958200225830076,50.58018393545625,0.8192649826596704,1.048638596996232,0.4853554334314515,19.28373827031491,66.9800033569336,-9.565920273988638,-0.9449966174666313,WAIT,5R+
59,VOD,16.329999923706055,16.8960000038147,40.96168204312263,70,70.0,17.709999084472656,-7.792203456275293,2.636769269750834,20.059998512268066,22.409997940063477,16.818757118497576,0.3089715412684849,16.8960000038147,16.29999996185303,23.223835353437394,0.7785214392000414,0.9630671776087578,1.1805820036128256,13.269336811292032,16.329999923706055,-7.792203456275293,-3.3499057764018403,WAIT,5R+
60,MU,1065.0799560546875,1005.516000366211,26.413485784231757,69,91.5,1108.719970703125,-3.936071848761058,1.6246225629989648,1294.1399536132812,1479.5599365234375,994.5888567243304,43.70857456752232,1005.516000366211,949.7082006835938,-7.936330544302727,0.8223187731491151,0.7175181318163901,0.7477521154193457,16.723788495716118,1065.0799560546875,-3.936071848761058,5.923720325363613,WAIT,5R+
61,WBD,30.850000381469727,29.08400011062622,40.871203747220925,69,68.5,30.920000076293945,-0.22638969809669618,1.4536331159827576,33.75500011444092,36.59000015258789,28.96971426691328,0.45714337485177176,29.08400011062622,27.91980007171631,15.50866799960502,0.6066180724484863,3.537049218860651,1.1049712339625881,9.16882286918408,30.850000381469727,-0.22638969809669618,6.07206802408955,WAIT,5R+
62,FFIV,438.07000732421875,421.4564971923828,23.861424748744234,68,57.5,462.0,-5.179652094324949,1.0746076249501872,509.5350036621094,557.0700073242188,417.7652462550572,14.765003749302455,421.4564971923828,408.49999938964845,5.1076556671601825,0.7394590406936704,1.0106363919230958,1.2036884502340433,10.288961831625398,438.07000732421875,-5.179652094324949,3.9419276348828802,WAIT,5R+
63,GSAT,82.58999633789062,82.24549942016601,36.316187263643975,68,56.5,84.8499984741211,-2.663526431199359,1.173356102375446,88.09499740600586,91.33999633789062,82.08442805153983,0.6442854745047433,82.24549942016601,82.01139984130859,1.391443845194007,0.8048977932034173,0.7949372863447076,0.8902377528010086,3.82439480287613,82.58999633789062,-2.663526431199359,0.41886415688801026,BUY SUPPORT,5R+
64,INFQ,13.84000015258789,13.384000015258788,21.91621510057644,67,83.5,15.0600004196167,-8.100931162257297,1.6636516136395363,18.21500062942505,21.3700008392334,13.163569590023585,0.8817217009408134,13.384000015258788,12.354799957275391,3.6961442291695956,0.8243788121185951,0.9973855261084754,0.5204328230956967,20.949536001996005,13.84000015258789,-8.100931162257297,3.407054220033068,WAIT,5R+
65,FRSH,12.579999923706055,12.586499977111817,30.793003728649342,67,81.0,13.989999771118164,-10.0786266653342,1.3960143709837267,16.108999729156494,18.227999687194824,12.472107117516655,0.4575714383806501,12.586499977111817,12.259799976348877,24.100537846249747,0.8078410856808914,0.6575602223893389,1.1170069779671132,15.146533185889876,12.579999923706055,-10.0786266653342,-0.05164305738356578,WAIT,5R+
66,SAIL,20.670000076293945,19.666999912261964,21.13586655220643,67,81.0,22.28499984741211,-7.247026170860438,1.4859889648358098,26.667499542236328,31.049999237060547,19.335785688672747,1.324856894356864,19.666999912261964,18.535899982452392,40.980758599443014,0.517148904295442,1.4509884944692328,0.5913858657887296,19.665693178513276,20.670000076293945,-7.247026170860438,5.099914417585527,WAIT,5R+
67,WDAY,189.1699981689453,192.08049926757812,50.40030726145882,67,81.0,227.49000549316406,-16.844699283006626,1.3525422898049024,277.6800079345703,327.87001037597656,190.38210667201452,6.793570382254464,192.08049926757812,182.6491990661621,54.317641960398674,0.8044498419569349,0.5868112421019026,0.6492357515514109,22.0625087825735,189.1699981689453,-16.844699283006626,-1.5152506942301969,WAIT,5R+
68,MANH,200.11000061035156,209.49450225830077,35.3603861104865,67,76.0,227.02999877929688,-11.857463028537962,2.1160991331684427,267.61499786376953,308.1999969482422,207.85084103175572,6.574644906180246,209.49450225830077,199.7294009399414,43.49780276709518,0.7860135809952572,0.767600747295399,0.8256274894101283,17.876491786412174,200.11000061035156,-11.857463028537962,-4.479593281344629,WAIT,5R+
69,NIQ,17.399999618530273,18.118499851226808,43.901493631719894,67,76.0,19.690000534057617,-11.630273506424494,2.7934449585995114,24.485000610351562,29.280000686645508,17.97348198890686,0.5800714492797852,18.118499851226808,16.0803999710083,85.88848181123822,0.888929700206744,0.7279681806873399,0.7865733309954456,24.352462906235452,17.399999618530273,-11.630273506424494,-3.9655613797843436,WAIT,5R+
70,NOW,129.94000244140625,137.18749923706054,29.677289901415936,67,76.0,149.60000610351562,-13.14171314171314,2.102597166144068,178.635009765625,207.67001342773438,135.7908922467913,5.586427961077009,137.18749923706054,126.85559982299804,30.674593808718797,0.7803403097154333,0.5436704294527982,0.7118632581494632,19.408424115984737,129.94000244140625,-13.14171314171314,-5.282913411177925,WAIT,5R+
71,ZETA,28.959999084472656,30.476000118255616,27.33620417886882,67,76.0,32.810001373291016,-11.734233854535747,2.572361859760449,39.680002212524414,46.55000305175781,30.139303697858537,1.3467856815883092,30.476000118255616,27.72319995880127,46.94670140989481,0.8293694164806109,0.6620427516176784,0.5731586628106989,20.938739871025792,28.959999084472656,-11.734233854535747,-4.974409462857466,WAIT,5R+
72,UMC,24.719999313354492,22.916000080108642,31.745307697676008,66,89.0,25.799999237060547,-4.186046339701754,1.483643360007408,30.42999839782715,35.05999755859375,22.679303734643117,0.9467853818620954,22.916000080108642,20.673200149536132,-9.358810076616752,0.8522481906334253,0.9518939436680287,0.9626575295655595,17.945733711944523,24.719999313354492,-4.186046339701754,7.872225636845509,WAIT,5R+
73,SANM,222.72999572753906,205.77949981689454,22.552448654909025,66,71.5,232.5,-4.202152375252011,1.1896093426436696,267.5449981689453,302.5899963378906,203.04075072152276,10.954996381487165,205.77949981689454,201.77419921875,-12.200020939078549,0.7994839076079098,0.9335516314046725,0.9484424280244894,15.073117492019495,222.72999572753906,-4.202152375252011,8.237213097382057,WAIT,5R+
74,FSLY,25.479999542236328,22.899999618530273,21.960925915327344,66,61.0,31.329999923706055,-18.672200433180606,0.7310232123040606,37.99499988555908,44.65999984741211,22.212642431259155,2.7494287490844727,23.964999961853028,23.94420009613037,38.572186119369704,0.6952383994554767,1.902909276602271,0.4905597674576732,21.273539668316154,25.479999542236328,-18.672200433180606,11.266375400366236,WAIT,5R+
75,AXTI,78.18000030517578,59.29999923706055,43.41368658499003,66,53.5,97.79000091552734,-20.053175607689187,0.7617299289343955,128.32000160217285,158.85000228881836,57.71017796652658,6.359285082135882,67.65350036621093,66.57819984436036,8.25505355715299,0.7877871746623429,0.8834273337128525,1.050007797318068,31.219961551097477,78.18000030517578,-20.053175607689187,31.838113509309895,WAIT,5R+
76,WAY,25.06999969482422,25.19199981689453,20.53805489271505,65,77.5,27.280000686645508,-8.10117645232744,1.5102824533626302,30.84950065612793,34.41900062561035,24.916535520553587,1.1018571853637695,25.19199981689453,24.39030002593994,21.906210770586366,0.47921270573410435,0.7469596324576554,0.9903881736891121,13.084676978141774,25.06999969482422,-8.10117645232744,-0.4842812121191531,WAIT,5R+
77,SLAB,221.1699981689453,220.40050048828124,18.913789184773773,65,74.0,222.49000549316406,-0.5932883687484569,1.3624364301864065,225.72000885009766,228.95001220703125,220.11925021580285,1.1250010899135046,220.40050048828124,219.03939971923828,0.9864171796063248,0.7291022329422983,0.8768213954719979,0.6033913732364691,1.4517521134372213,221.1699981689453,-0.5932883687484569,0.3491360858797199,BUY SUPPORT,5R+
78,SAIC,128.2100067138672,130.25049934387206,33.324492503527196,65,57.5,142.66000366210938,-10.12897559043041,1.2293291348848374,158.97500610351562,175.29000854492188,129.3885355268206,3.4478552682059154,130.25049934387206,125.9697998046875,15.913967132790074,0.7660643426668947,0.9756728637495166,0.8010519891895034,11.43628348703003,128.2100067138672,-10.12897559043041,-1.5665910229010427,WAIT,5R+
79,CACI,608.1400146484375,623.1859985351563,43.016762858591854,64,83.5,683.3900146484375,-11.011281755223123,1.9189671089969935,807.1250152587891,930.8600158691406,618.9100139072964,17.103938511439733,623.1859985351563,599.8569989013672,31.066251786144285,0.848879558755766,0.8932975824482952,1.0026257206461555,18.106059198714753,608.1400146484375,-11.011281755223123,-2.4143648801618567,WAIT,5R+
80,GTLB,46.709999084472656,48.21075019836426,43.78259042787753,64,83.5,55.54999923706055,-15.91359185238337,1.647356820235387,68.39999866485596,81.24999809265137,47.7496251651219,1.8445001329694475,48.21075019836426,42.4021000289917,52.789282439267815,0.8352254394758452,0.8321928128508619,0.70003591681632,23.132312518957598,46.709999084472656,-15.91359185238337,-3.112897243284385,WAIT,5R+
81,DUOL,142.6199951171875,147.89450073242188,25.396541008582428,64,81.0,167.3800048828125,-14.792692701234046,1.2969103865168987,195.05950546264648,222.73900604248047,146.037357875279,7.428571428571429,147.89450073242188,141.0928007507324,23.788062985600234,0.7934390984583135,0.8596123401266036,0.8821805048781193,16.536921837953813,142.6199951171875,-14.792692701234046,-3.5663973907841706,WAIT,5R+
82,ROKU,152.13999938964844,154.71099777221679,36.070453223887675,64,78.0,159.88999938964844,-4.847082387631652,1.8771859997714815,170.43000030517578,180.97000122070312,154.27521166120255,1.7431444440569197,154.71099777221679,152.63949890136718,9.926882855230046,0.7941954415599365,0.7101233084045584,0.51452641011194,6.592032619777299,152.13999938964844,-4.847082387631652,-1.6618071239858923,WAIT,5R+
83,CRM,225.30999755859375,245.05949859619142,39.37548919604664,64,76.0,268.2699890136719,-16.013714993997617,2.241208611284924,324.8299865722656,381.3899841308594,243.03360661097938,8.103567940848214,245.05949859619142,215.84239990234374,43.61324553892067,0.7830817946349489,0.8462851000797522,0.6391474866445315,21.08323699066885,225.30999755859375,-16.013714993997617,-8.059063676670974,WAIT,5R+
84,PAYC,218.5800018310547,224.92900009155272,43.52581691874514,64,76.0,244.97999572753906,-10.77638760588674,2.5776442534014903,301.17999267578125,357.37998962402344,223.17714342389786,7.007426670619419,224.92900009155272,208.36260070800782,73.71012453014167,0.8720167431617063,0.9371614466375133,0.9614413412157354,22.940647370549595,218.5800018310547,-10.77638760588674,-2.8226677119952526,WAIT,5R+
85,MRVL,263.2699890136719,237.23349990844727,26.274310179798025,63,85.5,267.4800109863281,-1.5739576042081982,1.566138824849355,319.77001953125,372.0600280761719,234.09216074262346,12.565356663295201,237.23349990844727,223.20059967041016,-11.829510803097577,0.8555288768594179,0.764647214712792,0.8798619860477078,19.549127559888802,263.2699890136719,-1.5739576042081982,10.975047417532746,WAIT,5R+
86,OCTV,18.6299991607666,18.791999912261964,22.02229696861983,63,75.0,20.579999923706055,-9.475222401207361,1.3012368557489047,23.164999961853027,25.75,18.593428434644427,0.7942859104701451,18.791999912261964,18.54059980392456,14.086715527773874,0.733471433076292,1.9114875901035409,0.6606194173444233,12.560738813071204,18.6299991607666,-9.475222401207361,-0.8620729685596462,WAIT,5R+
87,MXL,92.72000122070312,67.5199966430664,29.29844262276756,62,69.0,96.22000122070312,-3.6374973556401513,0.6998641904978514,117.5,138.77999877929688,65.81410380772182,6.823571341378348,74.94650020599366,72.1613998413086,-27.787235117780483,0.7931907942106265,1.172393851278275,1.002626491068468,22.115982653633747,92.72000122070312,-3.6374973556401513,37.32228351676687,WAIT,5R+
88,DDOG,268.55999755859375,243.0105010986328,32.10169681015994,62,53.5,292.7200012207031,-8.253622424623241,0.8497351612084969,337.45999908447266,382.1999969482422,240.06830466134207,11.768785749162946,235.12725143432618,243.0105010986328,2.9417269928836642,0.7322864686013907,0.764446489710674,0.7924873987235715,15.28422987059117,268.55999755859375,-8.253622424623241,10.513741729041959,WAIT,5R+
89,PRCH,16.56999969482422,16.700249910354614,23.844593015796434,61,83.5,18.3700008392334,-9.798590431007813,1.8111453224020542,21.780001163482666,25.190001487731934,16.487214139529637,0.8521430832999093,16.700249910354614,15.977099990844726,9.965107389928862,0.78346243897691,1.189783746070365,1.2578152061241703,18.56287516855426,16.56999969482422,-9.798590431007813,-0.779929738953411,WAIT,5R+
90,FIVN,34.0099983215332,33.88800001144409,29.557533081831785,61,81.0,40.0,-14.975004196166996,1.4478684216425506,49.61999988555908,59.239999771118164,33.35574991362436,2.129000391278948,33.88800001144409,31.67890022277832,59.313807194817244,0.5034947345493519,1.107323768400649,0.8303663761591868,24.049999713897698,34.0099983215332,-14.975004196166996,0.36000445599595476,BUY SUPPORT,5R+
91,EMR,157.24000549316406,153.61660064697264,31.422791371845403,61,50.0,166.35000610351562,-5.476405335796997,1.2005376003702235,182.75000762939453,199.15000915527344,152.68945809500556,3.7085702078683034,151.63199996948242,153.61660064697264,9.63506753435841,0.7751287196527863,0.9046081323566508,1.0675604646398336,9.858732145566362,157.24000549316406,-5.476405335796997,2.358732605025149,WAIT FOR SUPPORT,5R+
92,EPAM,107.13999938964844,114.64549942016602,28.47740493228694,60,83.5,126.5,-15.304348308578309,1.716586314346006,148.91500091552734,171.3300018310547,113.44210671016148,4.813570840018136,114.64549942016602,107.51980010986328,34.814292816703144,0.7538346384135642,0.7115196324400342,0.6136867512177996,17.719368312669847,107.13999938964844,-15.304348308578309,-6.546702721413045,WAIT,5R+
93,HPQ,30.729999542236328,32.54449996948242,26.10631531829051,60,83.5,36.22999954223633,-15.180789592857135,1.6603161189920739,43.01499938964844,49.79999923706055,32.143428455080304,1.604286057608468,32.54449996948242,30.159199981689454,39.85604169530688,0.7556855041829672,1.029860237579186,0.68234429932882,18.727573649296538,30.729999542236328,-15.180789592857135,-5.575444173201571,WAIT,5R+
94,WIX,70.9000015258789,78.42375030517579,34.4979339213589,60,81.0,96.80000305175781,-26.756199079901354,1.3022429116286904,122.39000511169434,147.98000717163086,77.14928978511266,5.097842080252511,78.42375030517579,72.50570014953614,56.06290727530978,0.7539856174936845,0.705452301564551,0.6123809657083283,26.435951707825733,70.9000015258789,-26.756199079901354,-9.59371204516386,WAIT,5R+
95,SSNC,77.58999633789062,80.34150009155273,40.60740342108074,60,70.0,84.95999908447266,-8.674673759417416,2.079153378951713,95.32999801635742,105.69999694824219,79.97239257267543,1.4764300755092077,80.34150009155273,79.54339965820313,24.836551532282037,0.7101692139315268,0.9391742458221803,0.5873749770358301,12.205742753803772,77.58999633789062,-8.674673759417416,-3.4247602428715496,WAIT,5R+
96,COHU,65.97000122070312,56.220000457763675,28.054843996089502,60,65.5,67.26000213623047,-1.9179317195300305,1.2161540766805574,81.79500007629395,96.32999801635742,55.30839319229126,3.6464290618896484,56.220000457763675,53.66640022277832,-10.950561263340608,0.8038834262856698,0.9741347860443248,0.6534627505107922,21.610165742522348,65.97000122070312,-1.9179317195300305,17.342583926630017,WAIT,5R+
97,WK,65.1500015258789,72.74900016784667,30.618769285603573,59,83.5,80.55999755859375,-19.128595456456765,1.8289838845438853,96.24999618530273,111.93999481201172,71.98146454947334,3.0701424734933034,72.74900016784667,68.91020011901855,34.09445032234355,0.7232638148381142,1.2860677540017869,1.826300917651817,19.476165717727547,65.1500015258789,-19.128595456456765,-10.445502514722316,WAIT,5R+
98,BE,291.25,263.34800033569337,19.571451126722344,59,78.0,292.7200012207031,-0.5021868046504951,2.0970197021084935,365.2300033569336,437.74000549316406,258.14235654558456,20.822575160435267,263.34800033569337,232.5172006225586,-3.990390140149136,0.8842653404730672,1.3850251128846593,1.3980138267848259,24.77111295225769,291.25,-0.5021868046504951,10.59510595437958,WAIT,5R+
99,BOX,32.75,33.86549968719483,25.57318484206294,59,77.5,36.34000015258789,-9.878921677253306,1.5719099335521327,40.64650058746338,44.95300102233887,33.60033909252712,1.0606423786708288,33.86549968719483,32.88679992675781,23.190876099278192,0.7062350297514577,1.0296405773274642,1.4070016733283157,11.850579022545249,32.75,-9.878921677253306,-3.2939117907556437,WAIT,5R+
100,APH,84.33999633789062,81.25050010681153,22.08246403537263,59,65.5,88.16500091552734,-4.33846145059481,1.1991902676791542,97.33000183105469,106.49500274658203,80.5223430633545,2.912628173828125,81.25050010681153,80.73789993286132,-4.540802181714854,0.7937235869386896,1.0552825155518257,0.8557142585011185,10.395282504798598,84.33999633789062,-4.33846145059481,3.8024334952002192,WAIT,5R+
101,SIMO,276.1600036621094,262.40650100708007,22.487267899066882,57,83.5,294.3399963378906,-6.176528131403303,1.8267303634921652,360.6549987792969,426.9700012207031,258.0374287741525,17.47628893171038,262.40650100708007,256.548798828125,-17.358930276462882,0.8374790293522407,0.6318749985684936,0.5679188803939355,22.53006837890943,276.1600036621094,-6.176528131403303,5.241296462642975,WAIT,5R+
102,SNDK,1729.760009765625,1683.3372497558594,27.65016808113964,57,83.5,1909.47998046875,-9.41198507140182,1.8968126358677357,2386.679962158203,2863.8799438476562,1657.9000549316406,101.748779296875,1683.3372497558594,1530.6964965820312,-24.131886794047418,0.8336426483734919,0.6526269768895154,0.5594697052017495,24.99109634929544,1729.760009765625,-9.41198507140182,2.757781307132512,WAIT,5R+
103,CTSH,56.84000015258789,60.32249984741211,34.3009838649394,57,76.0,65.41999816894531,-13.115252608536942,2.177877389114776,77.61999702453613,89.81999588012695,59.81821410315378,2.0171429770333424,60.32249984741211,57.93939994812012,46.551856795027824,0.738023519969286,0.8472279099295191,1.0331500929089,18.648730047476715,56.84000015258789,-13.115252608536942,-5.773135569038623,WAIT,5R+
104,SKM,35.90999984741211,36.577499580383304,42.29099111575126,57,57.5,41.0099983215332,-12.435988009887888,1.2283236431777027,46.74999713897705,52.4899959564209,36.33696377617972,0.9621432168143136,36.577499580383304,36.17579975128174,11.452684615677455,0.770552683511739,0.47036907062773353,0.4731314976375575,13.996583887763613,35.90999984741211,-12.435988009887888,-1.8248916427550887,WAIT,5R+
105,APPF,195.82000732421875,212.25799942016602,34.01826542508744,56,83.5,236.5800018310547,-17.228841910290992,1.544726168622367,277.0950012207031,317.61000061035156,210.35205268859863,7.623786926269531,212.25799942016602,204.1895004272461,21.91259842721196,0.6732456103015517,0.7170967741935483,1.1167714459541676,17.12528492521561,195.82000732421875,-17.228841910290992,-7.744345155825272,WAIT,5R+
106,U,39.720001220703125,42.07699985504151,32.73773124170297,56,81.0,48.459999084472656,-18.035489122759728,1.4964341321307921,58.77499866485596,69.08999824523926,41.56694622039795,2.0402145385742188,42.07699985504151,40.52440021514892,38.7705479493867,0.7792110885916289,1.1077169456365208,1.2503263746247433,21.28559590437216,39.720001220703125,-18.035489122759728,-5.601631871232316,WAIT,5R+
107,FORM,136.25,114.28250007629394,32.028053686816115,56,65.5,139.8000030517578,-2.5393440445373283,1.0558133320539889,168.5300064086914,197.260009765625,112.58875037602016,6.774998801095145,114.28250007629394,113.1388003540039,-15.01423713333664,0.8234776463165372,1.002043268296574,1.0947944469479012,20.55078879096801,136.25,-2.5393440445373283,19.222103042058713,WAIT,5R+
108,IOT,37.970001220703125,39.18800029754639,26.149038115685432,56,63.5,45.119998931884766,-15.846626508071527,1.0631079430888897,51.9449987411499,58.76999855041504,38.70014302389963,1.9514290945870536,39.18800029754639,38.726400184631345,16.87518734924909,0.6707440725848649,0.7959901870700443,0.7009190553741842,15.126329722588139,37.970001220703125,-15.846626508071527,-3.108091935274182,WAIT,5R+
109,FDS,259.9700012207031,281.1134994506836,26.411854130529957,56,47.5,320.4800109863281,-18.881055819798508,0.9926391373950015,362.6200180053711,404.76002502441406,278.02751699175155,12.343929835728236,281.1134994506836,281.0589996337891,12.783369949268963,0.6670160943923182,0.8333119759155477,1.5171433793831333,13.149028199715307,259.9700012207031,-18.881055819798508,-7.5213386305874375,WAIT,5R+
110,GLBE,40.060001373291016,39.230200119018555,27.016157853546552,56,47.5,43.9900016784668,-8.933848954817215,0.9881185828903308,49.0525016784668,54.1150016784668,38.86662874766758,1.4542854854038783,38.46800022125244,39.230200119018555,15.139204554147256,0.46442771823136053,1.2736284903841866,1.0152370276154956,11.508296901198122,40.060001373291016,-8.933848954817215,2.115210352623653,WAIT FOR SUPPORT,5R+
111,NICE,106.80999755859375,107.15550003051757,31.475624558768203,55,53.5,128.50999450683594,-16.885843806559254,0.9357906892324027,149.75999069213867,171.0099868774414,105.80192909240722,5.414283752441406,107.15550003051757,102.76499969482421,17.359654908713118,0.41236803399879807,1.2426881671996757,0.8509065305403978,16.535675895754842,106.80999755859375,-16.885843806559254,-0.3224309268543557,WAIT,5R+
112,ETN,433.2699890136719,420.36720153808596,32.10263276358311,55,47.5,478.0,-9.357742884169063,0.9778114418633987,537.9349975585938,597.8699951171875,416.7049537440709,14.648991176060267,417.01649780273436,420.36720153808596,1.4701664852599272,0.7542309018487505,1.0298446671743522,0.8293255480560977,12.538702418115854,433.2699890136719,-9.357742884169063,3.069408704669585,WAIT,5R+
113,PCOR,49.540000915527344,55.04560028076172,39.75136748151662,54,63.5,64.79000091552734,-23.537582627731123,1.1544635084598778,76.66750144958496,88.54500198364258,54.50167179380144,2.1757139478410994,53.52600021362305,55.04560028076172,21.75186806010587,0.6813602169797944,0.81732533098448,1.5230493407831796,18.332304933200106,49.540000915527344,-23.537582627731123,-10.001888138475923,WAIT,5R+
114,STX,913.4500122070312,857.8535003662109,26.527578334247004,54,53.5,1013.989990234375,-9.915283089146154,0.9377259195402242,1171.489990234375,1328.989990234375,846.0304652622768,47.292140415736604,857.8535003662109,854.643798828125,-5.549730847781076,0.7539956150118973,0.8926039449048543,0.6715858742691024,15.532697710713617,913.4500122070312,-9.915283089146154,6.480886516996964,WAIT,5R+
115,PCTY,142.19000244140625,146.27650146484376,40.043451738529185,53,83.5,161.92999267578125,-12.190447185345532,1.5416345317072424,187.65498733520508,213.3799819946289,145.24316182817734,4.133358546665737,146.27650146484376,145.10590042114256,35.820175287538625,0.7805014831623035,1.0486657454756207,0.9087019280338179,15.886491584626206,142.19000244140625,-12.190447185345532,-2.793681133001169,WAIT,5R+
116,VRSN,279.8399963378906,292.7934997558594,24.12405213057075,53,67.5,310.0,-9.729033439390122,1.4376546010177456,337.3949966430664,364.7899932861328,290.94466040475027,7.395357404436384,292.7934997558594,287.94559875488284,11.03408727370001,0.6484080840110028,1.0083664941339965,0.9394212087125473,8.837095691311747,279.8399963378906,-9.729033439390122,-4.424108946670535,WAIT,5R+
117,AEHR,100.77999877929688,81.12999725341797,53.09801105909661,53,61.0,147.39999389648438,-31.628220520774008,0.6154313347728577,189.43999099731445,231.47998809814453,79.09018462044853,8.15925053187779,91.17199935913087,95.63619979858399,4.705833864184705,0.7590961847085225,0.8295003067843161,0.8559430584978377,28.521030421720226,100.77999877929688,-31.628220520774008,24.22038973389842,WAIT,5R+
118,VLTO,96.6500015258789,96.34219955444335,31.22485974629561,53,50.0,102.25,-5.476771123834812,1.023230062244356,108.70000076293945,115.1500015258789,95.94643152509417,1.5830721173967635,95.82799949645997,96.34219955444335,8.77960846500876,0.7751953495870718,1.3106484724852288,0.8658152064338359,6.308069205808753,96.6500015258789,-5.476771123834812,0.3194882127033116,WAIT,5R+
119,DGII,76.5,73.77219985961914,42.27503766876328,52,53.5,86.83999633789062,-11.906951605177586,0.9849581620872143,100.32999420166016,113.81999206542969,73.1439852959769,2.5128582545689175,71.99099998474121,73.77219985961914,1.8602863186645946,0.7593588055612583,1.1437524392849512,0.8247646197300973,15.534314178550336,76.5,-11.906951605177586,3.6975990218152344,WAIT,5R+
120,TER,403.0199890136719,371.9605999755859,30.035030297114414,52,53.5,444.1700134277344,-9.26447602720879,0.9559918997425039,517.8450164794922,591.52001953125,367.1034576633998,19.42856924874442,368.29650115966797,371.9605999755859,-16.911633888658095,0.7615349867403062,0.7983353674061054,0.8807387470026875,16.587117730707533,403.0199890136719,-9.26447602720879,8.350182530118676,WAIT,5R+
121,GLW,158.7100067138672,153.87650146484376,33.869501485603074,51,83.5,176.94000244140625,-10.302924989263484,1.7943756619689928,221.93000030517578,266.9199981689453,151.86721594674248,8.037142072405134,153.87650146484376,152.82940017700196,-38.073318826754544,0.7986448312105294,0.6942157002283882,0.8564984761878652,25.426696757658274,158.7100067138672,-10.302924989263484,3.141158788385723,WAIT,5R+
122,TSM,456.94000244140625,434.0375015258789,25.051256868993956,51,71.0,455.2699890136719,0.3668182546695986,1.820819813112385,498.62498474121094,541.97998046875,431.459288242885,10.312853131975446,434.0375015258789,422.3602001953125,-4.527549738191194,0.8533685172314158,0.9015604929384196,1.0131293185511006,9.52291975613555,456.94000244140625,0.3668182546695986,5.276617996143784,WAIT,5R+
123,T,24.479999542236328,25.60599994659424,29.148610817417445,51,70.0,26.93000030517578,-9.097663331509798,2.1351306584899503,30.085000038146973,33.239999771118164,25.452339104243688,0.6146433694022042,25.60599994659424,24.871799964904785,18.053099794219317,0.512101147409471,0.807190776280915,0.8561037035688416,11.715557731964887,24.479999542236328,-9.097663331509798,-4.397408446092244,WAIT,5R+
124,NBIS,237.35499572753906,224.67874984741212,32.236825027747386,51,63.5,280.8299865722656,-15.480893395812345,1.1254859213246813,348.34497833251953,415.85997009277344,220.8425709315709,15.344715663364955,224.67874984741212,217.7531002807617,-14.262517813203324,0.8056178066407749,0.7814328957190112,0.8607260527593183,24.04123312624964,237.35499572753906,-15.480893395812345,5.641942501787933,WAIT,5R+
125,NCNO,17.950000762939453,21.10349988937378,31.614589763937232,51,63.5,24.09000015258789,-25.487751559805794,1.2410905720329088,28.070000648498535,32.05000114440918,20.883142743791854,0.8814285823277065,21.10349988937378,20.190599937438964,9.57817162569905,0.6070380395388689,0.9390453122445396,1.6890548923412374,16.521380119140794,17.950000762939453,-25.487751559805794,-14.94301486940659,WAIT,5R+
126,PATH,12.319999694824219,11.569999694824219,68.33508310776126,51,61.0,18.829999923706055,-34.57249206191479,0.5834707187529764,23.164999961853027,27.5,11.400321108954293,0.6787143434797015,14.192999887466431,14.46499994277954,13.131701606251077,0.6786522858386367,0.6942868237401714,0.6293294182743173,23.021774061132195,12.319999694824219,-34.57249206191479,6.482281934160361,WAIT,5R+
127,BHE,83.52999877929688,77.67400009155273,23.953229233215787,51,55.5,86.51000213623047,-3.444692270658911,0.933879448781778,95.45500183105469,104.4000015258789,76.93167839595249,2.969286782400949,76.3615005493164,77.67400009155273,-15.55183908064961,0.7755029187119883,1.3430849360715709,0.9137297244239405,10.339844496522144,83.52999877929688,-3.444692270658911,7.539200608751706,WAIT,5R+
128,SPCX,149.24000549316406,148.87150115966796,24.11939508704053,50,76.0,158.1300048828125,-5.621956058394273,2.52842232639611,185.36500549316406,212.60000610351562,147.35846552167618,6.0521425519670755,148.87150115966796,136.94059997558594,-12.861394852460094,0.8880432655755909,1.061854043564799,0.8742145772161178,17.22317066298389,149.24000549316406,-5.621956058394273,0.24753181812875447,WAIT,5R+
129,INTC,115.93000030517578,107.19150047302246,25.123590330242088,50,63.5,127.44000244140625,-9.03170269595882,1.0392494491699094,150.2650032043457,173.09000396728516,105.47703601292201,6.857857840401786,107.19150047302246,99.84959991455078,-17.181195664392,0.7516891863604727,1.182004104050387,0.8056282755594371,17.910389458313002,115.93000030517578,-9.03170269595882,8.152232027344919,WAIT,5R+
130,ADI,398.2200012207031,374.10360046386717,17.661334010630032,50,51.0,396.95001220703125,0.3199367614604043,1.113550050282701,425.6400146484375,454.33001708984375,371.1855641392299,11.672145298549108,372.4259994506836,374.10360046386717,0.05660413744461579,0.5041826044500985,0.9185323966904572,0.7255391674568866,7.227610923070804,398.2200012207031,0.3199367614604043,6.446449787420638,WAIT,5R+
131,ADP,261.79998779296875,270.9009979248047,34.35171441886421,49,67.5,288.0,-9.097226460774744,1.4377554734554785,314.4049987792969,340.80999755859375,269.63456911359515,5.065715244838169,270.9009979248047,270.39799896240237,16.693326935576145,0.6837407496688166,1.1121028876421097,0.9307951477936036,9.168402353922534,261.79998779296875,-9.097226460774744,-3.359533630940026,WAIT,5R+
132,MSI,446.1199951171875,463.6995025634766,36.25760124854348,49,67.5,494.8500061035156,-9.847430612365093,1.4006248357233988,541.4850158691406,588.1200256347656,461.5541451590402,8.581429617745536,463.6995025634766,458.7562005615234,7.21596141037355,0.710699202673525,0.8962933751883607,0.9626099351819478,9.424069756577836,446.1199951171875,-9.847430612365093,-3.79114218348392,WAIT,5R+
133,GWRE,142.52000427246094,139.04739379882812,67.29842252085044,49,61.0,207.49000549316406,-31.312352161870095,0.5603713656726418,246.74000549316406,285.99000549316406,137.44716889517647,6.400899614606585,155.3479995727539,164.1693994140625,15.61507364420418,0.7107732425501763,0.872010984886759,0.8551479247169658,18.9165737919329,142.52000427246094,-31.312352161870095,2.4974293863119446,WAIT,5R+
134,LFUS,428.760009765625,424.3906005859375,27.826604525828895,49,47.5,476.29998779296875,-9.981099988607966,0.8733322771458081,524.7849884033203,573.2699890136719,420.782744380406,14.431424822126116,415.0115020751953,424.3906005859375,-6.043086502664674,0.750136582093675,0.7570505732625877,1.159654680817361,10.179509102029694,428.760009765625,-9.981099988607966,1.0295725620819374,WAIT,5R+
135,PEGA,32.970001220703125,35.7605001449585,28.040126380906607,48,83.5,38.959999084472656,-15.374738204644412,1.9462195415250427,45.88999843597412,52.819997787475586,35.39925005095346,1.445000376020159,35.7605001449585,33.47140018463135,9.80225340270211,0.6908054180538995,0.7409616189661773,0.5926081264800872,17.78747308611561,32.970001220703125,-15.374738204644412,-7.803299486706916,WAIT,5R+
136,DOX,57.59000015258789,60.29449939727783,32.62999289804668,48,77.5,64.38999938964844,-10.560644978284838,1.6477333935027043,71.71499824523926,79.03999710083008,59.94449935640608,1.4000001634870256,60.29449939727783,58.71439979553222,13.741582088732262,0.4463820825613053,0.6856543691634024,0.6804491151273262,11.375988391092307,57.59000015258789,-10.560644978284838,-4.485482542727681,WAIT,5R+
137,BILL,41.91999816894531,47.2705997467041,28.640285776171027,45,75.0,52.599998474121094,-20.304183678693988,1.3006517965973505,60.11499786376953,67.62999725341797,46.82212663378034,1.7938924516950334,47.139999580383304,47.2705997467041,15.721435764422065,0.6146378855333458,0.8709281303540835,0.8814123201818831,14.287071497436976,41.91999816894531,-20.304183678693988,-11.319089680328954,WAIT,5R+
138,FROG,90.37000274658203,90.78250045776367,26.57499902331837,45,63.5,105.76000213623047,-14.551814560124942,1.0393452775321015,122.57000350952148,139.3800048828125,89.58635730743408,4.784572601318359,90.78250045776367,88.88630020141602,-0.7689367508512346,0.7658227053052533,0.7351084346707666,0.7612934392077534,15.894479040987441,90.37000274658203,-14.551814560124942,-0.45438020444651395,WAIT,5R+
139,PTC,137.55999755859375,140.59199981689454,37.62166701071025,45,57.5,159.4600067138672,-13.733856912831133,1.1881782433716672,183.2250099182129,206.9900131225586,139.45879617418564,4.532814570835659,137.70199966430664,140.59199981689454,20.873124766392802,0.7481524773830466,1.2131638415214374,0.7050119457368195,14.90342543819736,137.55999755859375,-13.733856912831133,-2.15659657893027,WAIT,5R+
140,GDDY,94.05999755859375,98.74699897766114,22.44991026085971,44,81.0,110.3499984741211,-14.762121559383278,1.438283507199413,128.9749984741211,147.5999984741211,97.40053482055664,5.385856628417969,98.74699897766114,96.2561994934082,10.607506123176158,0.445855431012167,1.832252799392674,0.8069194842771705,16.87811532173955,94.05999755859375,-14.762121559383278,-4.746474796796296,WAIT,5R+
141,NOK,10.359999656677246,10.366500043869019,25.18022402992289,44,76.0,11.170000076293945,-7.251570403618535,2.559336345263608,13.550000190734863,15.930000305175781,10.240071456772942,0.5057143483843122,10.366500043869019,10.062000026702881,-22.19571602469759,0.8213875172363865,1.1387183762238493,0.5605514494903776,21.307073394672436,10.359999656677246,-7.251570403618535,-0.06270570746408355,WAIT,5R+
142,MNDY,76.05000305175781,88.3018002319336,23.469132083732067,44,63.5,102.0,-25.44117347866881,1.0979264590949251,118.45000076293945,134.9000015258789,87.01721073695592,5.138357979910714,87.99525032043456,88.3018002319336,4.8481888546476615,0.5815869793229294,0.7089038404824334,2.2443719190580373,16.127451728372023,76.05000305175781,-25.44117347866881,-13.874912117301353,WAIT,5R+
143,QCOM,184.10000610351562,182.99950103759767,20.95391333260752,44,63.5,205.85000610351562,-10.565945763957174,1.2372579861468032,237.33000946044922,268.8100128173828,180.40664367675782,10.371429443359375,182.99950103759767,170.83120025634764,-0.5811531070516462,0.7522759870898639,1.4693728262118209,0.6648045124452648,15.292690028439093,184.10000610351562,-10.565945763957174,0.6013705281588955,WAIT,5R+
144,VICR,290.67999267578125,181.05999755859375,36.54814782179359,44,62.0,291.5299987792969,-0.29156728538222154,0.5401276140674371,353.75,415.9700012207031,176.3349974496024,18.900000435965403,218.9479995727539,214.74659942626954,-23.66871596030842,0.4901960688141454,1.4000335607327223,0.5813101008196448,21.342572456087726,290.67999267578125,-0.29156728538222154,60.54346437385365,WAIT,5R+
145,SITM,651.4299926757812,539.5399780273438,37.04523440814841,44,61.0,762.6500244140625,-14.58336434509796,0.6509428885327981,914.4700317382812,1066.2900390625,529.4191066196987,40.483485630580354,604.9962524414062,604.6880993652344,-12.833172985573594,0.7675352896684213,1.2574052324943557,0.7437479868582104,19.90690388305707,651.4299926757812,-14.58336434509796,20.738039664368845,WAIT,5R+
146,AMKR,54.13999938964844,45.33000183105469,66.81362968645085,43,61.0,71.5,-24.279721133358834,0.5786797389923667,87.0049991607666,102.5099983215332,44.70625189372471,2.494999749319894,50.13449954986572,52.47019989013672,-37.42219288659042,0.8015307371488793,0.6533804572144501,0.6825895304888986,21.685313511561688,54.13999938964844,-24.279721133358834,19.435246421186324,WAIT,5R+
147,BRZE,23.149999618530273,22.270000457763672,66.23565966955995,43,61.0,35.02000045776367,-33.89491914356017,0.5398940304562913,42.06500053405762,49.11000061035156,21.971143313816615,1.1954285757882255,26.52849998474121,27.299599990844726,6.5234449527969085,0.6957147942286468,0.6950868390936141,0.645820034827769,20.117075911494233,23.149999618530273,-33.89491914356017,3.9515004161565725,WAIT,5R+
148,FIG,20.719999313354492,19.579999923706055,62.198465191132485,43,61.0,31.219999313354492,-33.6322877352165,0.48822577596258304,37.03999900817871,42.85999870300293,19.299285616193497,1.1228572300502233,22.9125,24.340600090026854,14.330651053347431,0.41269328292077356,0.7085378034910745,0.7746049150654414,18.641895652876215,20.719999313354492,-33.6322877352165,5.822264525487597,WAIT,5R+
149,UCTT,80.45999908447266,65.62000274658203,66.09080533888503,43,61.0,105.16999816894531,-23.495292873142837,0.6527917040732399,131.63999938964844,158.11000061035156,64.62107413155692,3.9957144601004466,72.11900024414062,78.58800018310546,-43.780242932302016,0.7919176072281677,0.6925160434709081,1.092195064933467,25.168775964207633,80.45999908447266,-23.495292873142837,22.61504985789353,WAIT,5R+
150,DIOD,97.18000030517578,92.43139999389649,32.82077288337433,43,53.5,110.11000061035156,-11.742802863957314,0.9532480310212148,127.99500274658203,145.8800048828125,91.34783005850656,4.33427974155971,92.30200004577637,92.43139999389649,-11.410250283016243,0.7921415782470292,0.883980992433399,0.8318820530799041,16.242849911081624,97.18000030517578,-11.742802863957314,5.13743198912151,WAIT,5R+
151,CDNS,324.1700134277344,318.19160095214846,39.07284417406117,42,81.0,355.5899963378906,-8.836014295604699,1.4791300952068565,414.55499267578125,473.5199890136719,315.7253512137277,9.864998953683036,298.14200286865236,318.19160095214846,-13.836131765882564,0.7956006434908767,1.1278632439837586,0.9722095884109149,16.58229898061041,324.1700134277344,-8.836014295604699,1.8788718676722604,WAIT,5R+
152,LRCX,323.8599853515625,304.94919860839843,28.010890028968685,42,81.0,345.2799987792969,-6.203664707907408,1.3603907226145113,405.0050048828125,464.7300109863281,301.3771662248884,14.288129534040179,298.17749938964846,304.94919860839843,-25.4702662846077,0.8012294534089937,1.0940885482619531,0.8398630955090934,17.29755743589767,323.8599853515625,-6.203664707907408,6.201290847610474,WAIT,5R+
153,QTWO,55.119998931884766,60.896000366210934,36.206068214022594,42,75.0,67.51000213623047,-18.352840782531075,1.2548472675411884,76.34500312805176,85.18000411987305,60.46930386134556,1.7067860194614954,59.351500511169434,60.896000366210934,14.386832808430071,0.6467053084338282,0.8782490945115411,0.8920819261886829,13.086951136503998,55.119998931884766,-18.352840782531075,-9.48502594520324,WAIT,5R+
154,ECHO,89.88999938964844,91.60900001525879,20.83025936593783,42,70.0,96.45999908447266,-6.8111131631576,1.7313674486802362,106.05999755859375,115.65999603271484,90.91524977002825,2.775000980922154,91.60900001525879,89.64899993896485,-11.646187447493094,0.7643271144931117,0.9672345087715124,0.9589379762708594,9.952310351686933,89.88999938964844,-6.8111131631576,-1.8764538695150268,WAIT,5R+
155,TYL,316.260009765625,344.209001159668,36.22226707859571,42,57.5,393.5299987792969,-19.635094974552914,1.060220726742673,448.88499450683594,504.239990234375,341.319176701137,11.559297834123884,344.209001159668,334.1438018798828,7.930108304978845,0.6812387635271715,0.8477114045277792,0.8719733197788405,14.06627090672794,316.260009765625,-19.635094974552914,-8.11977353871647,WAIT,5R+
156,TDC,28.690000534057617,28.714000034332276,50.7113358015286,42,53.5,34.939998626708984,-17.887802914433195,0.9262564280940487,40.92999839782715,46.91999816894531,28.473107181276596,0.963571412222726,28.714000034332276,28.602800025939942,-17.408342506357254,0.7747198440648171,0.5185814599436163,0.8930207478181317,17.14367488995625,28.690000534057617,-17.887802914433195,-0.08358118076883247,WAIT,5R+
157,ASML,1834.3900146484375,1719.9565991210939,27.410266979411993,42,48.0,1896.3499755859375,-3.2673273253981283,0.964935363068736,2079.2049560546875,2262.0599365234375,1706.8502562604633,52.42537144252232,1697.156005859375,1719.9565991210939,-8.001410223340223,0.5182811534745183,1.0202750837211325,1.258459421757658,9.64247015703159,1834.3900146484375,-3.2673273253981283,6.653273436423901,WAIT,5R+
158,LOGI,100.66999816894531,101.9131999206543,24.255083109512306,42,40.0,111.91999816894531,-10.051822894973528,0.7955300594100974,120.48999786376953,129.05999755859375,101.14730693817138,3.0635719299316406,101.13249969482422,101.9131999206543,6.84242521778009,0.7210590433811089,0.7375909427198933,0.48380058730212305,7.657255034875576,100.66999816894531,-10.051822894973528,-1.219863327495252,WAIT,5R+
159,ALAB,357.8399963378906,309.345499420166,29.804338051307415,41,81.0,377.8699951171875,-5.300764558743287,1.2956107614878798,473.7999954223633,569.7299957275391,303.8276954105922,22.0712160382952,309.345499420166,306.9584991455078,-26.1238734080812,0.5458336111462697,1.050362286517369,0.6474004761371548,25.387038278978814,357.8399963378906,-5.300764558743287,15.676483740226455,WAIT,5R+
160,ADBE,233.1699981689453,257.26179870605466,36.10971178863501,41,57.5,294.5299987792969,-20.833192158579084,1.0599727654360764,336.35499572753906,378.17999267578125,255.07144068036757,8.761432102748326,253.69000091552735,257.26179870605466,13.522601304992232,0.6565984598475594,1.021338039944264,0.7115899273274413,14.200589794448515,233.1699981689453,-20.833192158579084,-9.36470189444506,WAIT,5R+
161,LDOS,123.0999984741211,129.6990003967285,45.068046718313745,41,57.5,147.3300018310547,-16.446075514692836,1.173527717802287,169.04500198364258,190.76000213623047,128.8259649658203,3.4921417236328125,128.64350090026855,129.6990003967285,19.34161721556937,0.6951771759649488,1.0103050019446553,0.8348007249833063,14.739021165213018,123.0999984741211,-16.446075514692836,-5.087935837918655,WAIT,5R+
162,MDB,337.19000244140625,386.7431988525391,25.46860887663341,41,53.5,473.1000061035156,-28.727542149380547,0.9715776553600517,563.7550048828125,654.4100036621094,379.7930035400391,27.80078125,384.67999877929685,386.7431988525391,0.1762822199274261,0.6110168943070698,2.2494925597799296,3.2639083966788536,19.16191029586698,337.19000244140625,-28.727542149380547,-12.812945788873954,WAIT,5R+
163,PENG,55.790000915527344,53.363400268554685,48.547449010807995,40,83.5,65.75,-15.148287580947006,1.7628339220649356,88.875,112.0,52.63191796711513,2.925929205758231,51.5665002822876,53.363400268554685,-26.809526985117248,0.8151688992202779,0.824567636876001,0.8225980158647971,35.171102661596954,55.790000915527344,-15.148287580947006,4.547312642673895,WAIT,5R+
164,AMAT,512.010009765625,489.1140008544922,40.876983786649916,40,63.5,576.489990234375,-11.1849262885788,1.1849435928391172,685.7249755859375,794.9599609375,484.30417986188615,19.239283970424108,455.7450012207031,489.1140008544922,-29.390334464240333,0.7985669553706427,0.9811875209994088,1.1227258124966537,18.948288296758186,512.010009765625,-11.1849262885788,4.681119099255593,WAIT,5R+
165,KLAC,196.52999877929688,188.195400390625,39.74788278019413,40,63.5,221.0,-11.072398742399603,1.1772722819114665,261.8000030517578,302.6000061035156,186.34361364092146,7.4071469988141745,180.13600006103516,188.195400390625,-35.069052403934066,0.8098617251278142,0.9178675114920632,0.8095278356082696,18.461539842424358,196.52999877929688,-11.072398742399603,4.428693991124266,WAIT,5R+
166,ARM,293.6700134277344,272.8369995117188,23.827071003426568,40,53.5,336.9800109863281,-12.852393657364713,0.8654843941749392,397.00501251220703,457.03001403808594,267.6257835388184,20.844863891601562,272.8369995117188,265.11999969482423,-17.383495112310467,0.6968539686085948,1.6224339509124515,1.0798122842496272,17.812629701740445,293.6700134277344,-12.852393657364713,7.635699686369257,WAIT,5R+
167,MTSI,284.2699890136719,274.28099853515624,31.31681428425423,40,53.5,330.989990234375,-14.11523085263713,0.8557468476822142,382.47498321533203,433.95997619628906,270.8261776297433,13.819283621651786,269.7544990539551,274.28099853515624,-25.472638805424243,0.7473088993793571,0.9870226724448471,0.690869566863977,15.55484893802992,284.2699890136719,-14.11523085263713,3.641882059589796,WAIT,5R+
168,CAMT,152.82000732421875,147.43800018310546,32.32245012667101,40,47.5,178.02000427246094,-14.155710787240183,0.8030876535908996,203.9850082397461,229.95001220703125,145.6885347856794,6.997861589704241,143.43150024414064,147.43800018310546,-6.52212569549998,0.7676680765789524,0.7237063079916998,0.9091413108045674,14.585441716732861,152.82000732421875,-14.155710787240183,3.6503527817993264,WAIT,5R+
169,TXN,281.69000244140625,270.8452001953125,29.635119220350962,39,57.5,297.5899963378906,-5.34291948390333,1.1676013275875363,331.1949920654297,364.79998779296875,268.80877201625276,8.145712716238839,265.21800384521487,270.8452001953125,-5.703118144418551,0.8459460057281057,1.032852933192135,0.8279056314168548,11.29238083977231,281.69000244140625,-5.34291948390333,4.00405923319791,WAIT,5R+
170,TTMI,122.80000305175781,124.16260070800782,29.444912563325566,39,53.5,150.1999969482422,-18.242339848998935,0.9979850454257668,178.00999450683594,205.8199920654297,122.33385037013463,7.315001351492746,121.35850028991699,124.16260070800782,-34.54633648369928,0.757069153004909,0.7198684992306006,1.242275639049706,18.515311666868328,122.80000305175781,-18.242339848998935,-1.097430021987389,WAIT,5R+
171,IRDM,47.939998626708984,47.8015998840332,28.717705247039007,39,50.0,50.970001220703125,-5.94467828414218,1.189900106422509,55.040000915527344,59.11000061035156,47.54954628263201,1.0082144056047713,47.54549999237061,47.8015998840332,-12.805757803653062,0.74460624908497,1.3713761275784693,0.7732076113591122,7.98508847822248,47.939998626708984,-5.94467828414218,0.2895274279763438,WAIT,5R+
172,NTES,121.81999969482422,122.97740036010742,42.23419814844303,39,40.0,135.3000030517578,-9.963047341378806,0.8650321066422674,146.44000625610352,157.58000946044922,122.42186463492257,2.222142900739397,117.98050003051758,122.97740036010742,-5.139868495774502,0.7580029070961175,0.6986437471215724,1.3118311321673102,8.233557245437906,121.81999969482422,-9.963047341378806,-0.9411490744592577,WAIT,5R+
173,TENB,34.9900016784668,34.92040023803711,22.72777915026791,37,81.0,40.189998626708984,-12.93853477463529,1.3803551564426466,48.27499771118164,56.3599967956543,34.33281104224069,2.350356783185686,34.808000564575195,34.92040023803711,-5.332490247778521,0.4848887744132327,0.7526711523811164,0.4364252586514449,20.116942922958025,34.9900016784668,-12.93853477463529,0.19931455526065456,WAIT,5R+
174,RBLX,41.18000030517578,45.9560001373291,32.33789607604889,37,63.5,55.41999816894531,-25.694692050258737,1.1953242801520492,67.52999687194824,79.63999557495117,45.28885726928711,2.6685714721679688,45.9560001373291,42.84119987487793,-24.481394138077604,0.7240796300808794,1.0398203579646044,1.5905002683037606,21.85131559565585,41.18000030517578,-25.694692050258737,-10.392548998784324,WAIT,5R+
175,PLXS,266.1300048828125,253.66119995117188,39.73346114171813,37,55.0,298.0,-10.694629233955533,0.7341762168309953,332.0,366.0,251.68959219796318,7.886431012834821,250.73399810791017,253.66119995117188,-11.69544304997382,0.7552897471434954,0.8679027039089523,0.5915660718785074,11.409395973154357,266.1300048828125,-10.694629233955533,4.915534947418365,WAIT,5R+
176,DBX,32.70000076293945,34.940000438690184,24.54122274239639,36,75.0,38.16999816894531,-14.330620037745213,1.4400086993888859,43.31249713897705,48.45499610900879,34.598839902877806,1.3646421432495117,34.940000438690184,34.01260040283203,18.83119413558063,0.38469402647011186,1.3906570624614933,0.8838425786438969,13.472620426310677,32.70000076293945,-14.330620037745213,-6.410989260521893,WAIT,5R+
177,ACLS,128.69000244140625,124.19759994506836,33.94222218718534,36,63.5,145.6999969482422,-11.674670461989434,1.0364334793556291,169.36499786376953,193.02999877929688,122.86688571929932,5.322856903076172,113.75299987792968,124.19759994506836,-32.27954756905936,0.7627009080342162,1.0404657697012056,1.0522370605644986,16.242279623337264,128.69000244140625,-11.674670461989434,3.6171411511372487,WAIT,5R+
178,HUBS,197.6699981689453,230.2193991088867,20.901272840772258,36,63.5,265.0,-25.40754786077536,1.0421770153724401,304.9749984741211,344.9499969482422,226.64279399326867,14.306420462472099,229.35700073242188,230.2193991088867,8.09863322587141,0.5934490170343059,1.3208576613360552,0.8383928034952489,15.084905084574007,197.6699981689453,-25.40754786077536,-14.138426677304693,WAIT,5R+
179,POWL,188.4600067138672,173.10000610351562,57.05408132141444,36,61.0,247.8800048828125,-23.971275213197064,0.5274690883071014,288.39000701904297,328.90000915527344,171.07929175240653,8.082857404436384,181.5264991760254,197.1159994506836,-34.39549320700962,0.769281383752437,0.7855175798504093,0.5365254485309116,16.342585661712384,188.4600067138672,-23.971275213197064,8.873483575249619,WAIT,5R+
180,STM,53.2400016784668,47.529998779296875,75.22319674665385,36,61.0,66.52999877929688,-19.975946707766546,0.64574985884045,79.06999969482422,91.61000061035156,47.1107132094247,1.6771422794886999,50.94700031280517,52.224200057983396,-29.116827011268008,0.5823220753963176,0.9778115529801351,1.0419871238325262,18.84864143335834,53.2400016784668,-19.975946707766546,12.013471588089097,WAIT,5R+
181,VSH,32.459999084472656,30.739999771118164,49.931978237573254,36,61.0,41.9900016784668,-22.69588524184626,0.7332774234033363,50.53000068664551,59.06999969482422,30.34366055897304,1.5853568485804967,31.772999572753907,33.11319980621338,-39.85075349230177,0.7718804762501726,0.6427381661260027,0.6713470471518567,20.338172581112723,32.459999084472656,-22.69588524184626,5.595313357713549,WAIT,5R+
182,JBL,318.8399963378906,318.2206005859375,33.79057746915607,36,55.0,376.9700012207031,-15.420326470163703,0.7371791820425244,422.5550079345703,468.1400146484375,315.1329230390276,12.350710187639509,306.68600006103514,318.2206005859375,-17.49530412363147,0.7242372644065345,1.5369555577276257,1.3525597181646332,12.09247594404168,318.8399963378906,-15.420326470163703,0.1946435117062162,WAIT,5R+
183,IONQ,43.90999984741211,40.05479991912842,23.687732898974645,36,53.5,47.94499969482422,-8.415892946282987,0.9423195340785959,56.015000343322754,64.08500099182129,39.381024995531355,2.6950996943882535,39.988000106811526,40.05479991912842,-17.76314954853643,0.47210515838423767,1.4686653337638236,0.7547921586493432,16.83178788166666,43.90999984741211,-8.415892946282987,9.624813845200642,WAIT,5R+
184,KLIC,93.72000122070312,88.67779968261719,41.88720678468755,36,53.5,108.95999908447266,-13.986782297928002,0.9299406875028838,128.70999908447266,148.45999908447266,87.72208545684815,3.822856903076172,84.2875,88.67779968261719,-30.141969937136082,0.8073753688522006,1.0179180930496337,0.504481032916062,18.12591792028977,93.72000122070312,-13.986782297928002,5.685979530538932,WAIT,5R+
185,NVMI,385.1199951171875,382.2178015136719,47.26841704046348,36,53.5,463.8900146484375,-16.980322284140225,0.9453357696154069,544.3400115966797,624.7900085449219,378.7879804992676,13.719284057617188,360.1530014038086,382.2178015136719,-29.275433038126973,0.7988794354552007,1.1043191918255753,0.3440908864086229,17.34247222570888,385.1199951171875,-16.980322284140225,0.7593036200884029,WAIT,5R+
186,TSEM,234.42999267578125,225.37980163574218,31.325662767783896,36,53.5,277.8800048828125,-15.63624997968277,0.833759651219126,324.2850036621094,370.69000244140625,222.22247970581054,12.629287719726562,216.53900070190429,225.37980163574218,-10.263787026656946,0.7424132127484775,1.520879329977672,0.5999134661881856,16.699653794401925,234.42999267578125,-15.63624997968277,4.015528886952313,WAIT,5R+
187,VIAV,41.81999969482422,38.16460029602051,28.035476816414754,36,53.5,46.65999984741211,-10.372910776716026,0.8406465388150685,54.28499984741211,61.90999984741211,37.58960028239659,2.3000000544956754,36.68300037384033,38.16460029602051,-12.626612007492156,0.751386935879321,1.3305690834940191,1.1389049120385053,16.341620284902135,41.81999969482422,-10.372910776716026,9.577984232642066,WAIT,5R+
188,MTCH,40.130001068115234,41.9935001373291,22.124549767684893,35,67.5,44.935001373291016,-10.693223897466787,1.3348684112919573,49.3025016784668,53.67000198364258,41.66314306259155,1.3214282989501953,41.9935001373291,40.27120018005371,5.258733179607433,0.695764157831942,1.2404128282936313,0.8564667458844949,9.719595352614775,40.130001068115234,-10.693223897466787,-4.4375893010103145,WAIT,5R+
189,DOCN,135.00999450683594,127.99750022888183,20.50041477445887,35,53.5,151.8300018310547,-11.078184233268217,0.9554881226668598,176.88000106811523,201.93000030517578,125.61303623744419,9.537855965750557,127.99750022888183,124.6779995727539,-14.23056422207145,0.47884224924303764,1.0949487630429213,0.6604504882285989,16.49871496737143,135.00999450683594,-11.078184233268217,5.478618149115833,WAIT,5R+
190,NVTS,11.729999542236328,12.054400005340575,31.788975777936663,35,53.5,14.949999809265137,-21.538463599399115,0.8979958685420397,17.709999561309814,20.469999313354492,11.876489285741533,0.7116428783961705,11.507000017166138,12.054400005340575,-34.750176748295814,0.7088791233594609,1.1386849917323507,3.128186814936984,18.461537038510144,11.729999542236328,-21.538463599399115,-2.6911373686000495,WAIT,5R+
191,MCHP,78.77999877929688,76.0382000732422,30.51897028183575,34,57.5,85.97000122070312,-8.363385296398906,1.0405580179043175,97.02000045776367,108.06999969482422,75.35069980076382,2.7500010899135043,73.82649993896484,76.0382000732422,-13.826182701440526,0.5141675313072537,0.9623215354907948,0.9009747227092177,12.853319855949374,78.77999877929688,-8.363385296398906,3.6058174751818273,WAIT,5R+
192,TOST,30.459999084472656,32.94320007324219,35.39757714802325,34,57.5,37.20000076293945,-18.118283710309846,1.0292493998997398,41.84000110626221,46.48000144958496,32.69186080796378,1.00535706111363,31.638000106811525,32.94320007324219,9.281810554041225,0.6666487249543128,0.9432377656759607,0.7775755708952036,12.47311894666776,30.459999084472656,-18.118283710309846,-7.53782566128568,WAIT,5R+
193,BZ,14.170000076293945,15.951899967193604,49.33713121028751,34,47.5,19.334999084472656,-26.713210513294328,0.8071911922137116,22.16749858856201,24.999998092651367,15.825917801856995,0.5039286613464355,15.481749963760375,15.951899967193604,9.893248471999062,0.6255898641240943,0.9968993316539146,0.5591184103090164,14.649597301321048,14.170000076293945,-26.713210513294328,-11.170455522942612,WAIT,5R+
194,FLEX,113.83000183105469,114.95740005493164,28.882692068761024,33,81.0,131.67999267578125,-13.555583108723512,1.268488471836973,154.63499450683594,177.58999633789062,113.58365018572125,5.494999476841518,110.75250015258788,114.95740005493164,-29.972681639242193,0.7673449435168103,0.9540851273379357,0.644132055823571,17.432414267802887,113.83000183105469,-13.555583108723512,-0.9807095701000801,WAIT,5R+
195,CRUS,120.80000305175781,121.01120010375976,43.70473330046309,33,63.5,140.75,-14.174065327347918,1.1198572612409852,163.95499801635742,187.15999603271484,120.02861092703682,3.930356706891741,117.0409999847412,121.01120010375976,-18.87738950895399,0.7901702309529699,0.8781555212292669,0.549125346473668,16.486677098655367,120.80000305175781,-14.174065327347918,-0.174526863481117,WAIT,5R+
196,RMBS,103.12000274658203,93.26060043334961,26.08947014795166,33,63.5,109.0,-5.394492893044012,1.1639307724768944,128.9099998474121,148.81999969482422,91.8941717856271,5.465714590890067,91.2390007019043,93.26060043334961,-22.522062975454027,0.522273083552147,1.5243495814891392,0.46573416437164805,18.26605490588267,103.12000274658203,-5.394492893044012,10.571883804542548,WAIT,5R+
197,SYNA,100.79000091552734,101.805,37.45610422524811,33,63.5,123.20999908447266,-18.196573602418564,1.054693030946402,147.05999755859375,170.90999603271484,100.5967857851301,4.832856859479632,96.43099975585938,101.805,-19.075992942459518,0.7972887523517248,0.8157418880226177,0.6276019281457033,19.357193938269223,100.79000091552734,-18.196573602418564,-0.9970031771255439,WAIT,5R+
198,AMBA,68.7300033569336,61.90999984741211,45.64871465048226,33,61.0,91.33999633789062,-24.75366092343242,0.5456892281296841,107.94999504089355,124.55999374389648,60.90142829077585,4.034286226545062,66.84350090026855,72.15480041503906,-20.10286703262899,0.7362556489103224,0.8501351406927297,0.4347728763845471,18.184803338023126,68.7300033569336,-24.75366092343242,11.015996650509718,WAIT,5R+
199,CBRS,194.9499969482422,181.8800048828125,49.577194330311514,33,61.0,265.6300048828125,-26.608442809671327,0.597126113776948,317.27000427246094,368.9100036621094,179.14911215645927,10.923570905412946,195.8040008544922,203.54980010986327,-11.995094898469272,0.7294724757081682,0.8782129137618204,1.5490419100581225,19.440574649098984,194.9499969482422,-26.608442809671327,7.18605218525854,WAIT,5R+
200,FN,424.1199951171875,378.70001220703125,70.70585180541362,33,61.0,603.0900268554688,-29.67550842640142,0.5004456784990795,717.7850341796875,832.4800415039062,373.9042985098703,19.182854788643972,401.42949829101565,452.35919799804685,-24.75231518241522,0.7480164706308073,0.8845028889328647,0.9620062059528321,19.017891561271917,424.1199951171875,-29.67550842640142,11.993657630337129,WAIT,5R+
201,ICHR,59.7599983215332,50.36000061035156,102.04822640156813,33,61.0,98.56999969482422,-39.3730359069169,0.5231612922408824,124.17000007629395,149.77000045776367,49.63671513966152,2.893141882760184,55.49874973297119,63.86080001831055,-46.98368146656874,0.786133391314726,0.9081232640192177,0.9564727900950187,25.971391357135154,59.7599983215332,-39.3730359069169,18.665602853963147,WAIT,5R+
202,IPGP,78.5199966430664,74.55999755859375,72.15230376391771,33,61.0,105.87000274658203,-25.833574566898378,0.6233489735500919,125.83000183105469,145.79000091552734,73.84941727774483,2.842321123395647,77.42000007629395,81.57939971923828,-33.279705881275476,0.7787952427590322,0.8347746290941017,0.6443428355939993,18.853309310145505,78.5199966430664,-25.833574566898378,5.311157744285944,WAIT,5R+
203,AEIS,283.29998779296875,290.3301992797852,34.08492874614972,33,53.5,350.69000244140625,-19.21640599369442,0.8311408071946048,403.62000274658203,456.5500030517578,287.00644864763535,13.29500252859933,271.6919967651367,290.3301992797852,-24.22954250653959,0.7245654178415977,0.8922003223708396,0.6163796582175133,15.09310215195525,283.29998779296875,-19.21640599369442,-2.421453746202118,WAIT,5R+
204,LSCC,125.44999694824219,121.41239974975586,26.620987767191448,33,47.5,139.97999572753906,-10.380053738234473,0.9842677669141732,159.66999435424805,179.35999298095703,119.97527822222028,5.7484861101422995,116.09549942016602,121.41239974975586,-18.19286293811202,0.7463199472499518,1.149631990849437,0.9034486308420836,14.066294633294696,125.44999694824219,-10.380053738234473,3.3255229340728443,WAIT,5R+
205,TIGO,91.73999786376953,94.4522004699707,35.97994205128963,33,40.0,107.12999725341797,-14.365723685442756,0.7889049841916514,117.63999557495117,128.14999389648438,93.80773597717285,2.5778579711914062,94.22850036621094,94.4522004699707,0.8720028904684929,0.7225261902056996,0.7059962257053557,0.8665471101127937,9.810509279367952,91.73999786376953,-14.365723685442756,-2.871508120198285,WAIT,5R+
206,POWI,51.08000183105469,46.709999084472656,69.25735615722787,32,61.0,74.91999816894531,-31.82060453889922,0.48940039536902075,89.02499771118164,103.12999725341797,46.099017075129915,2.4439280373709544,50.25599975585938,56.38259994506836,-39.223999437349256,0.7489514089072611,1.1330501642645374,1.2697535465398313,18.826748380892134,51.08000183105469,-31.82060453889922,9.35560443638439,WAIT,5R+
207,UI,559.3200073242188,570.5870025634765,23.03285007937317,32,57.5,627.2999877929688,-10.836917231247545,1.0258548566096366,690.8349761962891,754.3699645996094,565.3662863595144,20.882864815848215,570.5870025634765,566.2803967285156,4.52792143109626,0.40583931280559316,0.82397941564817,0.4954707948646212,10.128326102293684,559.3200073242188,-10.836917231247545,-1.9746322977282182,WAIT,5R+
208,MRCY,82.63999938964844,93.81880020141601,53.356749374657255,30,63.5,115.37999725341797,-28.375800522737194,1.0015418747239386,137.79999542236328,160.2199935913086,92.99451469421386,3.2971420288085938,83.24400024414062,93.81880020141601,-32.652790460973776,0.7136257399233931,0.956736671265678,1.2393920928012923,19.431442800005062,82.63999938964844,-28.375800522737194,-11.9153099248426,WAIT,5R+
209,SHAZ,54.16999816894531,50.650001525878906,44.73478122551817,30,61.0,80.0,-32.28750228881836,0.74489918478882,102.7299976348877,125.45999526977539,49.4858068057469,4.656778880528042,55.781500053405765,58.05180000305176,-36.22241495405194,0.7146681337521565,0.6737991095689189,0.7011521883565874,28.41249704360962,54.16999816894531,-32.28750228881836,6.949647654537405,WAIT,5R+
210,Q,125.61000061035156,128.1956002807617,31.79534055807932,30,47.5,146.6699981689453,-14.358763088232463,0.9866672441348782,166.07350158691406,185.4770050048828,127.00429675510951,4.765214102608817,121.15750045776367,128.1956002807617,-23.29269217753538,0.7460238231205204,0.8485438650221344,0.42917269066708086,13.229360919210187,125.61000061035156,-14.358763088232463,-2.01691763582168,WAIT,5R+
211,JKHY,146.22000122070312,157.6529995727539,28.141725008387915,30,40.0,174.99000549316406,-16.440941407699327,0.8546942295935418,190.81501007080078,206.6400146484375,156.47460661751884,4.71357182094029,156.86100082397462,157.6529995727539,5.948760241405782,0.5762818026407128,1.2772703228085123,0.8264024861062124,9.043376239138933,146.22000122070312,-16.440941407699327,-7.252001790663476,WAIT,5R+
212,GFS,47.86000061035156,48.687999877929684,50.10692242588167,29,81.0,59.91299819946289,-20.117500294317402,1.2771867090343343,74.91799926757812,89.92300033569336,48.16451932634626,2.0939222063337053,45.95999984741211,48.687999877929684,-42.13228876380191,0.7956870893649337,1.0185669764787655,0.553967883942462,25.044650608471386,47.86000061035156,-20.117500294317402,-1.700622883778502,WAIT,5R+
213,ACMR,75.61000061035156,77.05110023498536,34.991146737435734,29,63.5,95.44000244140625,-20.777453189221127,1.176151249610082,118.46000289916992,141.4800033569336,75.86768938609532,4.7336433955601285,72.25550022125245,77.05110023498536,-40.620718536926084,0.7491414797271135,1.3251951301618774,0.6383707746056914,24.11986574696119,75.61000061035156,-20.777453189221127,-1.870316738163147,WAIT,5R+
214,ASTS,59.400001525878906,62.897999877929685,26.652271418132436,29,63.5,75.08000183105469,-20.88438988115501,1.0375606083459694,88.72500038146973,102.36999893188477,61.92896425247192,3.8761425018310547,60.952500343322754,62.897999877929685,-33.36103675713338,0.7111594369640295,0.9736002306704776,1.6323491119735898,18.173945415077462,59.400001525878906,-20.88438988115501,-5.561382490444178,WAIT,5R+
215,MDA,29.639999389648438,31.07119987487793,36.88631498071801,29,63.5,36.79999923706055,-19.45652172786302,1.1341242573738979,43.68499946594238,50.56999969482422,30.7292356640952,1.367856843130929,29.87549991607666,31.07119987487793,-28.405436974722896,0.7314484564238138,1.1688375247058045,1.7510723140731939,18.709240140277196,29.639999389648438,-19.45652172786302,-4.606196384410199,WAIT,5R+
216,ON,75.94999694824219,77.27879989624023,37.97102026370435,29,63.5,94.26000213623047,-19.42499975920382,1.0282732971175472,112.68000030517578,131.0999984741211,76.34647834777832,3.7292861938476562,72.62449989318847,77.27879989624023,-19.8714016472758,0.7978620535149952,1.4301035197484484,0.7569815524865252,19.541690803617406,75.94999694824219,-19.42499975920382,-1.7194922149181724,WAIT,5R+
217,ALGM,36.599998474121094,32.66999816894531,80.2266096915455,29,61.0,51.880001068115234,-29.452587277190766,0.6580723592116182,64.78500175476074,77.69000244140625,32.26969453266689,1.6012145451136999,35.29449996948242,39.239299850463865,-47.63666720800474,0.769005334040454,1.224941827987947,1.025474521866775,24.87471168264248,36.599998474121094,-29.452587277190766,12.029386364984473,WAIT,5R+
218,COHR,292.2099914550781,275.7900085449219,40.82953626065085,29,61.0,391.3699951171875,-25.336639215895428,0.7082510640515208,476.7149963378906,562.0599975585938,270.8689389910017,19.684278215680802,291.2695007324219,297.0000018310547,-26.131156475152995,0.71920824354286,1.0206901601468383,0.8610832923097103,21.80673078812503,292.2099914550781,-25.336639215895428,5.9537990505126315,WAIT,5R+
219,CRDO,192.35000610351562,152.72000122070312,73.92352623955944,29,61.0,286.239990234375,-32.801141466634945,0.5031063479204461,354.7899856567383,423.33998107910156,149.98650087629045,10.93400137765067,176.8645004272461,209.3647006225586,-29.477850544289332,0.7089351011715657,1.4552842604181466,0.6632069255911309,23.948434097637495,192.35000610351562,-32.801141466634945,25.949452963624097,WAIT,5R+
220,ITRI,87.38999938964844,95.98100021362305,43.486469030970554,29,57.5,108.19999694824219,-19.2329003193487,1.0564952135838224,121.7349967956543,135.2699966430664,95.38877009800503,2.368920462472098,92.7240005493164,95.98100021362305,0.7861124752061244,0.6669387333993756,0.8069573970488958,0.7726451225754073,12.509242355974015,87.38999938964844,-19.2329003193487,-8.950730670501228,WAIT,5R+
221,CIEN,354.9200134277344,375.78580078125,32.61729579611545,29,53.5,462.69000244140625,-23.292050497097037,0.9437077773528438,549.7350006103516,636.7799987792969,370.4527651759556,21.332142421177455,345.43699951171874,375.78580078125,-27.857792719332195,0.7379437230383608,1.188485666717655,0.779425735728938,18.812811538967367,354.9200134277344,-23.292050497097037,-5.552574714141967,WAIT,5R+
222,RGTI,15.739999771118164,16.11680009841919,27.745891218319716,29,53.5,19.364999771118164,-18.719339234935028,0.8964442521159737,22.482499599456787,25.59999942779541,15.887371551649911,0.9177141870771136,15.62625002861023,16.11680009841919,-18.737783802576246,0.6867911748256931,0.9298809991253629,0.7803016298013659,16.098630855592376,15.739999771118164,-18.719339234935028,-2.3379351049839237,WAIT,5R+
223,INFY,10.640000343322754,11.634199981689454,34.32972551240539,29,50.0,12.720000267028809,-16.352200314787492,1.0497319198927386,13.930000305175781,15.140000343322754,11.567324983733041,0.2674999918256487,11.112500047683715,11.634199981689454,1.222175554901872,0.644227114214623,0.712360661630474,0.9044472414382236,9.512578716553822,10.640000343322754,-16.352200314787492,-8.545492083094896,WAIT,5R+
224,ADSK,203.17999267578125,233.16299926757813,41.265151424291616,29,47.5,271.7200012207031,-25.224498835936128,0.9126026786888152,308.5750045776367,345.4300079345703,231.33550069536483,7.309994288853237,219.2874984741211,233.16299926757813,4.297943305350382,0.6503002179011091,0.9629476790768184,0.9402132216750498,13.563596051583371,203.17999267578125,-25.224498835936128,-12.859247258776396,WAIT,5R+
225,NXPI,236.47000122070312,234.8206005859375,43.19169428871671,29,47.5,280.4599914550781,-15.684943155758802,0.8541475760964964,321.1499938964844,361.8399963378906,232.82185071672714,7.994999476841518,229.29800109863282,234.8206005859375,-16.0637208395802,0.6205559678017838,1.0122038385696865,0.6569099423611359,14.50830909260854,236.47000122070312,-15.684943155758802,0.7024088306775145,WAIT,5R+
226,ZM,88.3550033569336,96.86510009765625,41.78196757252477,29,47.5,110.88999938964844,-20.32193719609532,0.9381955684372576,124.67250061035156,138.4550018310547,96.1995641708374,2.6621437072753906,93.23225059509278,96.86510009765625,2.161609822198751,0.6598917284785787,0.9489743541738824,0.810875262275328,12.4289848467523,88.3550033569336,-20.32193719609532,-8.785513804397105,WAIT,5R+
227,INTU,268.0299987792969,323.7002001953125,35.27761320635537,28,63.5,372.9800109863281,-28.138240419237448,1.0864088283900262,429.78501892089844,486.59002685546875,320.693057447161,12.028570992606026,310.42849884033205,323.7002001953125,2.485722921494671,0.5868810634607807,1.0762387404131908,1.0082425322234905,15.23004082292565,268.0299987792969,-28.138240419237448,-17.19807444741327,WAIT,5R+
228,BSY,31.1200008392334,34.16260009765625,31.536771407155367,28,47.5,38.43000030517578,-19.021596169380896,0.9884123688148352,42.92250061035156,47.415000915527344,33.88483226912363,1.1110713141305106,32.390999984741214,34.16260009765625,3.9073303913349955,0.6986970741951096,1.2603225503075326,1.193580204414194,11.690086571689996,31.1200008392334,-19.021596169380896,-8.906228594209352,WAIT,5R+
229,FPS,37.20000076293945,35.00400024414063,24.133006762679027,27,81.0,41.88999938964844,-11.195986381102562,1.2876948484052275,51.644999504089355,61.39999961853027,34.314446744918826,2.758213996887207,34.25800037384033,35.00400024414063,-33.61270348642049,0.5328604427606007,1.6838408625857941,0.9206550110175522,23.28718132388301,37.20000076293945,-11.195986381102562,6.273570173358745,WAIT,5R+
230,CRWV,85.93000030517578,78.2699966430664,57.45046953359275,27,61.0,117.48999786376953,-26.86185899431863,0.7047337670881889,145.95999717712402,174.42999649047852,77.09176431383405,4.712929316929409,86.2939998626709,86.25740036010743,-13.880659006720808,0.7008687508711956,1.3449643897399421,0.8822400499295815,24.231849375268233,85.93000030517578,-26.86185899431863,9.786641102134164,WAIT,5R+
231,INOD,66.94000244140625,53.369998931884766,37.28182774741814,27,61.0,79.44000244140625,-15.735145538571471,0.50612283798079,93.17500305175781,106.91000366210938,52.30232048034668,4.270713806152344,59.68400001525879,60.620200119018556,-11.639357776561987,0.427284332829336,1.6765588520371664,0.6664406993315523,17.28977868609998,66.94000244140625,-15.735145538571471,25.426276524458345,WAIT,5R+
232,SNPS,415.0899963378906,402.1038006591797,33.644584410648605,27,47.5,464.9800109863281,-10.72949663849193,0.772855162934887,516.1950225830078,567.4100341796875,398.7127282496861,13.56428963797433,401.1000015258789,402.1038006591797,-7.152863852679303,0.4247534655155616,1.0177071044693413,0.8545817545364758,11.014454468277247,415.0899963378906,-10.72949663849193,3.229563027611859,WAIT,5R+
233,HUBB,459.0899963378906,473.47480041503906,33.14127880517616,27,40.0,529.3900146484375,-13.279437912562898,0.7936454408017962,576.2275238037109,623.0650329589844,470.3743550763811,12.401781354631696,454.7125,473.47480041503906,-12.461206315015428,0.7146250272434692,0.9028874613070107,1.0225297881448894,8.847448546300551,459.0899963378906,-13.279437912562898,-3.0381350949488684,WAIT,5R+
234,ROK,431.5299987792969,438.8292010498047,34.975529510615075,27,40.0,489.3500061035156,-11.815675202421005,0.7755392645026614,530.5650024414062,571.7799987792969,436.2063443647112,10.491426740373884,425.0595001220703,438.8292010498047,-13.044070366671878,0.7691572805028122,0.8288703857544184,0.48806399113542714,8.42239620390892,431.5299987792969,-11.815675202421005,-1.6633355877516909,WAIT,5R+
235,PNR,53.470001220703125,61.56999992370606,63.64553482792397,26,81.0,70.97000122070312,-24.658305902487378,1.2989133441231466,83.63000106811523,96.29000091552734,61.2233927154541,1.3864288330078125,56.52700004577637,61.56999992370606,-30.458221501912764,0.707410319669456,0.7683228326566773,0.5434968765540772,17.838522797881783,53.470001220703125,-24.658305902487378,-13.155755583953187,WAIT,5R+
236,ORCL,137.7899932861328,147.15550003051757,26.834549232932957,26,63.5,170.6999969482422,-19.279440099865962,1.1032998583453253,198.79999542236328,226.89999389648438,145.23094765799385,7.698209490094866,147.15550003051757,142.69719985961913,-6.185251828071959,0.63657165399572,1.1384224915691485,1.324784756408427,16.461627988570648,137.7899932861328,-19.279440099865962,-6.364360654166856,WAIT,5R+
237,AAOI,100.66999816894531,93.62000274658203,67.64183319197532,26,61.0,160.99000549316406,-37.4681689956089,0.615849377775513,203.48000717163086,245.97000885009766,91.9958598273141,6.4965716770717075,102.41149940490723,111.54140014648438,-32.2609518613038,0.7172652794905054,0.7294342862622574,1.0776783969409494,26.392943803130066,100.66999816894531,-37.4681689956089,7.53043710268495,WAIT,5R+
238,PSN,41.54999923706055,41.02000045776367,90.75393199189308,26,61.0,62.29899978637695,-33.305511517784645,0.6011702498960078,75.31850051879883,88.3380012512207,40.64207192829677,1.5117141178676061,45.20749988555908,47.754799880981444,-20.898735292606073,0.7019487655014814,0.7521958300343098,0.8210080315249879,20.89841053157466,41.54999923706055,-33.305511517784645,1.2920496669486692,WAIT,5R+
239,GEV,962.489990234375,968.4094055175781,35.858297638018406,26,47.5,1140.989990234375,-15.64430902354662,0.7526085000052675,1277.3599853515625,1413.72998046875,959.793531363351,34.46349661690848,936.4480041503906,968.4094055175781,-18.283959323363796,0.7463163415419947,1.0103646596717784,0.6422352780800886,11.951901093293138,962.489990234375,-15.64430902354662,-0.6112513209265424,WAIT,5R+
240,PPLI,40.7400016784668,39.752499923706054,38.47312257680204,26,47.5,47.599998474121094,-14.411758436051002,0.7871388775257996,54.069997787475586,60.53999710083008,39.38035706383841,1.4885714394705636,38.014500045776366,39.752499923706054,-11.949527037197072,0.5035899063375786,1.6427609496266198,1.503684884262612,13.592435967980254,40.7400016784668,-14.411758436051002,2.4841249145487243,WAIT,5R+
241,VZ,45.97999954223633,48.9305004119873,29.87863475245821,25,70.0,51.66999816894531,-11.012190494190467,1.719344512744184,56.83499717712402,61.999996185302734,48.66594693320138,1.0582139151436942,48.9305004119873,48.20020034790039,8.389306653977657,0.39610887194232697,1.1512658546150032,0.8386247801965943,9.996127716689141,45.97999954223633,-11.012190494190467,-6.0299830267587895,WAIT,5R+
242,DPC,41.459999084472656,38.599998474121094,48.293421087169094,25,61.0,57.25,-27.58078762537527,0.509379066906479,67.04999923706055,76.8499984741211,38.01089130129133,2.356428691319057,41.21450004577637,45.3726000213623,-15.699002654731565,0.720535645818566,1.099067876073089,1.0823761909648193,17.117902597485667,41.459999084472656,-27.58078762537527,7.409328298986884,WAIT,5R+
243,WDC,453.4800109863281,472.77899841308596,33.33823007669736,25,53.5,580.0,-21.813791209253775,0.8574143632863919,677.1900024414062,774.3800048828125,466.6475690133231,24.52571759905134,449.8724990844727,472.77899841308596,-29.20951173124632,0.7099124217186384,1.0642384474077724,0.9176185443678063,16.756896972656254,453.4800109863281,-21.813791209253775,-4.082031454767698,WAIT,5R+
244,MPWR,1355.989990234375,1305.152001953125,34.999388830427925,24,47.5,1568.2099609375,-13.532624839103601,0.7847038829163516,1785.3999633789062,2002.5899658203125,1291.4303920200891,54.886439732142854,1248.5124938964843,1305.152001953125,-2.115370148135942,0.5217410788298751,1.160756089790801,0.602922136728629,13.849548711676762,1355.989990234375,-13.532624839103601,3.8951775889070728,WAIT,5R+
245,NXT,79.30999755859375,90.17320007324219,40.199487109086,23,63.5,108.38999938964844,-26.829045110071213,1.0252584853577653,128.03250122070312,147.6750030517578,89.23141439710345,3.7671427045549666,81.83449974060059,90.17320007324219,-33.63902225330303,0.7032484100408539,0.9367481716469106,0.8468933341764859,18.122061021923574,79.30999755859375,-26.829045110071213,-12.047041145068516,WAIT,5R+
246,EXTR,21.06999969482422,20.760000228881836,100.35172849620896,23,61.0,32.40999984741211,-34.98920149946676,0.548149474631124,38.894999504089355,45.3799991607666,20.579285860061646,0.7228574752807617,21.807999897003175,24.29019992828369,-35.11662822996534,0.7150178087603404,0.9296669698330774,0.9534953537710437,20.009255437238348,21.06999969482422,-34.98920149946676,1.493253673047179,WAIT,5R+
247,QNT,48.72999954223633,47.209999084472656,55.34482964807557,23,61.0,72.4000015258789,-32.69337221654877,0.7050718506781638,90.71500015258789,109.02999877929688,46.42392744336809,3.144286564418248,49.81599998474121,53.649800033569335,-40.591907052360256,0.703604096911555,1.5507377701380192,0.9692064046025148,25.296958896005563,48.72999954223633,-32.69337221654877,3.2196578844323698,WAIT,5R+
248,APLD,25.40999984741211,27.540500030517578,27.78796924396981,23,53.5,33.040000915527344,-23.09322293187186,0.9021684058674443,38.352500915527344,43.665000915527344,27.151410752705164,1.5563571112496513,26.16150007247925,27.540500030517578,-32.08443781973719,0.6680021617752223,0.984554198514386,1.0271191819532266,16.07899471184142,25.40999984741211,-23.09322293187186,-7.735880542272888,WAIT,5R+
249,APP,305.6600036621094,304.7699890136719,65.29115175454783,23,53.5,437.92999267578125,-30.203455169967576,0.9150300330298887,563.3999938964844,688.8699951171875,300.80880900791715,15.844720023018974,317.68199768066404,338.71539978027346,-40.882798573584246,0.7264345945654993,0.8291916646901702,0.7701831577007489,28.65069835798939,305.6600036621094,-30.203455169967576,0.2920283100438681,WAIT,5R+
250,IBM,219.99000549316406,233.67949905395508,41.556515659049,22,76.0,251.82000732421875,-12.639981298258595,2.824863186285337,308.125,364.42999267578125,231.888071169172,7.165711539132254,233.67949905395508,230.96039886474608,-21.977966188701224,0.43347856833237275,0.91835891127594,0.6496683996905718,22.35922128430743,219.99000549316406,-12.639981298258595,-5.858234725858513,WAIT,5R+
251,RDDT,145.36000061035156,158.02600006103515,37.056971793033,22,63.5,187.42999267578125,-22.445709709973094,1.1678594750773676,223.843994140625,260.25799560546875,156.24987020220075,7.104519435337612,153.139501953125,158.02600006103515,-16.465397100493895,0.688166902004945,0.7783765210868012,1.02421223691138,19.428054680572473,145.36000061035156,-22.445709709973094,-8.015136398941646,WAIT,5R+
252,FICO,617.8699951171875,595.1900024414062,100.24943655445861,21,61.0,1410.1700439453125,-56.18471702968972,0.4926289518114571,1817.6600646972656,2225.1500854492188,582.9957188197544,48.777134486607146,945.4305023193359,1063.2185949707032,-48.49364177542692,0.6310792514889403,2.3552884937266505,10.937648701480034,28.89651659397723,617.8699951171875,-56.18471702968972,3.8105466460710558,WAIT,5R+
253,SNX,258.19000244140625,263.702001953125,21.3435529137103,21,47.5,298.7699890136719,-13.582350324486125,0.8467696290058976,331.1399841308594,363.5099792480469,260.54236014229906,12.638567243303571,263.702001953125,257.55160064697264,-3.6303688796861966,0.35274869486422067,2.701025877811472,0.958917186853728,10.834419890716074,258.19000244140625,-13.582350324486125,-2.090238022803681,WAIT,5R+
254,TDS,34.15999984741211,36.5689998626709,21.93160189588447,20,70.0,38.40999984741211,-11.064826911959347,1.6568614582027086,41.859999656677246,45.30999946594238,36.32774982452393,0.9650001525878906,36.5689998626709,35.06120002746582,-7.908380880855903,0.6884058351602877,1.4612122377319503,1.2980463737961256,8.98203546724976,34.15999984741211,-11.064826911959347,-6.587546895746154,WAIT,5R+
255,OSIS,192.3000030517578,212.63859985351561,39.72675339336292,20,47.5,240.89999389648438,-20.174342912441155,0.9171382781983037,268.09999084472656,295.29998779296875,211.24252828325544,5.584286281040737,201.18949966430665,212.63859985351561,-12.279091168318246,0.7045496300584715,0.8076992269026132,0.7351273831618019,11.290991132166717,192.3000030517578,-20.174342912441155,-9.564865840806346,WAIT,5R+
256,VSAT,69.08999633789062,75.28879974365235,25.860369690991742,20,47.5,88.4000015258789,-21.84389689443085,0.815688764335143,99.87000274658203,111.34000396728516,74.33826410566058,3.802142551967076,72.84849891662597,75.28879974365235,-23.278692700850478,0.675256965698533,0.9689310506804272,0.8729727739034875,12.975114279093436,69.08999633789062,-21.84389689443085,-8.233367282873106,WAIT,5R+
257,CW,533.8499755859375,637.2114025878906,77.57469655582706,19,63.5,770.1799926757812,-30.68503717796918,1.0217591716366905,909.6299743652344,1049.0799560546875,633.6997089059012,14.046774727957589,558.2545043945313,637.2114025878906,-29.75670102997573,0.7048257316963854,1.517468795698607,1.041994043237489,18.10615479700688,533.8499755859375,-30.68503717796918,-16.220900407960993,WAIT,5R+
258,PCG,12.180000305175781,15.800600032806397,56.58604151635332,19,63.5,18.440000534057617,-33.94793952050043,1.2158357343763748,21.77750062942505,25.11500072479248,15.694975033487593,0.42249999727521625,13.309499979019165,15.800600032806397,-27.79396696918167,0.6493211284061432,0.9841308282377896,0.8064708856330637,18.09924077389944,12.180000305175781,-33.94793952050043,-22.914317938010285,WAIT,5R+
259,VRT,248.33999633789062,264.1689999389648,37.263792498052126,19,63.5,313.6099853515625,-20.81247156097502,1.126636035801495,372.5899887084961,431.5699920654297,261.25944668361115,11.63821302141462,253.3645004272461,264.1689999389648,-26.036569453326173,0.6887935571025476,0.8051933262248947,0.6101772803398554,18.806800201471873,248.33999633789062,-20.81247156097502,-5.9919989115798655,WAIT,5R+
260,PL,16.3799991607666,15.600000381469727,80.22799244488014,19,61.0,25.530000686645508,-35.840193026963696,0.7183618951870294,32.81750011444092,40.10499954223633,15.385393244879586,0.8584285463605609,17.205000114440917,20.168200073242186,-50.76617360629421,0.7202377844688953,1.2799437321235436,0.8022318713141623,28.54484618798867,16.3799991607666,-35.840193026963696,4.999992052714219,WAIT,5R+
261,YOU,41.220001220703125,37.375,115.78583946885537,19,61.0,69.06999969482422,-40.32141102819209,0.49360536614312117,84.91749954223633,100.76499938964844,36.96439279828753,1.6424288068498885,41.363999938964845,46.19360008239746,-26.244006589891487,0.7303596948434729,1.4598238269102335,0.8667638661933472,22.94411454673808,41.220001220703125,-40.32141102819209,10.287628684155514,WAIT,5R+
262,RAMP,37.650001525878906,37.718600006103514,15.561761904478445,19,56.5,38.0099983215332,-0.9471107907162213,1.245873900028635,38.42999839782715,38.849998474121094,37.672885491507394,0.1828580583844866,37.67599983215332,37.718600006103514,-0.18119004358132518,0.6851970161743386,1.6133175128041977,0.8304360926568287,1.104972625205325,37.650001525878906,-0.9471107907162213,-0.18186910493366293,WAIT,5R+
263,BDC,109.25,118.36319961547852,39.101637681778826,19,53.5,140.25,-22.103386809269164,0.9190056759385169,161.375,182.5,117.26319964272636,4.399999891008649,114.32050018310547,118.36319961547852,-9.097766817343445,0.6746834117212513,0.9236114615643128,0.8862717363239372,15.062388591800357,109.25,-22.103386809269164,-7.699352201599973,WAIT,5R+
264,ED,103.33000183105469,107.57539978027344,35.99891483575813,19,40.0,114.58000183105469,-9.81846728942093,0.8979662178074963,121.21000289916992,127.84000396728516,107.19664938790459,1.5150015694754464,105.57949943542481,107.57539978027344,-6.806331042835668,0.6622268717910653,0.9508276684134848,0.8554158708531526,5.78635098809912,103.33000183105469,-9.81846728942093,-3.946439388456957,WAIT,5R+
265,FLUT,74.44999694824219,97.27039978027344,31.38507957691351,18,83.5,110.26499938964844,-32.48084400276932,1.5202743877603664,131.6875,153.11000061035156,96.17379270826068,4.38642828805106,92.92249984741211,97.27039978027344,-27.339016717031196,0.5871086072556897,1.192886286083645,1.1758915938091405,19.428196371406937,74.44999694824219,-32.48084400276932,-23.460788568342306,WAIT,5R+
266,ENPH,31.829999923706055,37.34079990386963,32.76058444297027,18,81.0,43.279998779296875,-26.455635809925127,1.2607122921928768,51.30499839782715,59.32999801635742,36.91454992294312,1.7049999237060547,35.115500164031985,37.34079990386963,-35.565198540601514,0.6351270339727615,1.1856759750628194,1.2206180149781019,18.542051397582426,31.829999923706055,-26.455635809925127,-14.758119789481238,WAIT,5R+
267,CMS,63.45000076293945,69.02779930114747,60.23437890045412,18,57.5,76.38999938964844,-16.939388310117565,1.0589546830323393,84.45749855041504,92.52499771118164,68.77163829258511,1.024644034249442,65.950998878479,69.02779930114747,-17.266585732946595,0.6754112120067314,1.1823328544963356,1.8823870684610884,10.560936281221945,63.45000076293945,-16.939388310117565,-8.080510453293988,WAIT,5R+
268,LNT,64.33999633789062,68.72099960327148,59.47999263219545,18,57.5,75.69000244140625,-14.99538345543321,1.1154048030585841,83.7450008392334,91.79999923706055,68.46841044562203,1.0103566305977958,66.08099975585938,68.72099960327148,-15.871683025496242,0.6995036954129042,1.2485802467165632,1.600052735498257,10.642090286709593,64.33999633789062,-14.99538345543321,-6.375057537976058,WAIT,5R+
269,BIDU,86.70999908447266,98.26680023193359,66.03623170700325,16,57.5,114.44999694824219,-24.237657145866432,1.0188366982179489,131.4499969482422,148.4499969482422,97.76430037907191,2.0099994114467075,91.25650024414062,98.26680023193359,-24.33935967483144,0.6967310204501188,0.8857775284281394,0.915534839584099,14.853648277236676,86.70999908447266,-24.237657145866432,-11.760636471508246,WAIT,5R+
270,SOFI,15.90999984741211,17.534999809265138,29.16253267042957,16,57.5,19.4950008392334,-18.389334893520637,1.151365834833498,21.92500066757202,24.355000495910645,17.38446415764945,0.6021426064627511,17.131999683380126,17.534999809265138,-11.473800141066937,0.6428420564791352,0.9768312742924095,0.7922500990705432,12.464733130189387,15.90999984741211,-18.389334893520637,-9.267179809117598,WAIT,5R+
271,WEC,102.58000183105469,107.34359985351563,50.6557487429404,16,50.0,116.44999694824219,-11.91068740289638,1.0425778806189747,126.33499908447266,136.22000122070312,106.96868881770543,1.4996441432407923,104.11399993896484,107.34359985351563,-12.359852967004958,0.7097298249232661,1.3932669494896501,1.2610681147487905,8.488623782982142,102.58000183105469,-11.91068740289638,-4.437710332950906,WAIT,5R+
272,AKAM,108.44999694824219,112.75580001831055,18.162393275857692,16,47.5,128.4600067138672,-15.576840043450602,0.8708130852022417,143.61500930786133,158.77001190185547,111.05672827039447,6.796286991664341,108.82900009155273,112.75580001831055,-8.464257754450077,0.6052183181755902,2.262698615317565,1.1354154577829356,11.797448078724226,108.44999694824219,-15.576840043450602,-3.818697636280477,WAIT,5R+
273,AVGO,355.1000061035156,375.7387994384766,42.52986573136528,16,47.5,432.7300109863281,-17.93959349060844,0.8148555111910587,481.1900177001953,529.6500244140625,373.2593366786412,9.917851039341517,356.3089965820312,375.7387994384766,-6.203790704874235,0.7166993348289842,1.0763439625904292,0.6825966418195214,11.198670183149883,355.1000061035156,-17.93959349060844,-5.492856571055382,WAIT,5R+
274,ESE,265.69000244140625,289.3478021240234,45.012663567767795,16,47.5,336.7699890136719,-21.106389788604353,0.8447884706282589,378.50498962402344,420.239990234375,287.36708868844164,7.922853742327009,266.49900207519534,289.3478021240234,-24.30501038528442,0.7110356545691713,1.5385029436501263,0.5227677811205086,12.392731529488298,265.69000244140625,-21.106389788604353,-8.176250003957763,WAIT,5R+
275,GE,317.8900146484375,343.6578002929688,39.75392123994272,16,47.5,388.8399963378906,-18.246575032831668,0.8663039562657492,429.86000061035156,470.8800048828125,341.4894053867885,8.673579624720983,322.28049926757814,343.6578002929688,-15.149029541888071,0.7068199005537726,1.3097121660662696,0.863983679438841,10.549327399133013,317.8900146484375,-18.246575032831668,-7.498094215398055,WAIT,5R+
276,OLED,76.16000366210938,82.70640029907227,29.30269862565296,16,47.5,94.41000366210938,-19.33057863795473,0.8496192431445034,105.00000381469727,115.59000396728516,81.94559653145927,3.043215070452009,78.98000106811523,82.70640029907227,-12.253026068253192,0.6535647066663546,0.9624134765801755,0.7037548813457495,11.21703182057825,76.16000366210938,-19.33057863795473,-7.91522374724406,WAIT,5R+
277,QBTS,16.43000030517578,18.20280002593994,28.26803594754933,16,47.5,22.0,-25.318180431019176,0.812764130393292,25.28999948501587,28.57999897003174,17.952085774966648,1.002857003893171,16.958000087738036,18.20280002593994,-31.720891746361147,0.6564993371557615,1.0249926807768348,0.8998425489378113,14.954543113708496,16.43000030517578,-25.318180431019176,-9.73915946029087,WAIT,5R+
278,AMX,21.780000686645508,23.634400100708007,50.294108553712334,16,40.0,26.489999771118164,-17.780291148239,0.8639082025624553,29.050000190734863,31.610000610351562,23.526721482958113,0.4307144709995815,22.644500160217284,23.634400100708007,-16.406297720072395,0.6766862858026191,0.7377438799360315,0.861027749452958,9.664025827617584,21.780000686645508,-17.780291148239,-7.846187786280845,WAIT,5R+
279,FSLR,176.92999267578125,170.8000030517578,60.950848004664486,15,61.0,269.70001220703125,-34.397484364975284,0.48799055538935227,319.15001678466797,368.6000213623047,168.36607442583357,9.735714503696986,196.8300003051758,209.49360046386718,-25.22472046414045,0.6386501542618689,1.2697462795425274,0.9494361878184119,18.3351881125156,176.92999267578125,-34.397484364975284,3.5889868351851595,WAIT,5R+
280,FA,17.649999618530273,20.79639991760254,42.48874312969697,15,53.5,25.149999618530273,-29.821074010967674,0.8370698305575595,28.95499897003174,32.7599983215332,20.60438202176775,0.7680715833391462,20.466999816894532,20.79639991760254,-2.423827663098943,0.3449408007507085,0.8196505060250651,2.6625673944665977,15.129222303041235,17.649999618530273,-29.821074010967674,-15.129543149480796,WAIT,5R+
281,PINS,18.540000915527344,21.75519992828369,45.167042162111876,15,53.5,25.725000381469727,-27.930026664325702,0.9511507863628716,29.667500495910645,33.61000061035156,21.580021298272268,0.7007145200456891,19.2375,21.75519992828369,-12.047989971253948,0.6970514229400938,1.4025102764506345,0.6079626672247584,15.325559012550238,18.540000915527344,-27.930026664325702,-14.778990877377796,WAIT,5R+
282,AEE,100.25,106.77440017700195,45.50322426601982,15,50.0,114.81999969482422,-12.689426697046924,1.0775543372031215,123.89500045776367,132.97000122070312,106.39814990997314,1.5050010681152344,103.26550025939942,106.77440017700195,-11.522342829237687,0.6672247595503524,1.4186221170599052,1.6759625653502952,7.903676003361393,100.25,-12.689426697046924,-6.1104535976660435,WAIT,5R+
283,NWE,68.69000244140625,70.24940017700196,18.799898987794634,15,50.0,73.4800033569336,-6.518781568720977,1.1441034194020543,77.62500381469727,81.77000427246094,69.85707872663227,1.5692858014787947,69.41800041198731,70.24940017700196,-4.298799493513905,0.6730738559574835,1.4651659572175226,0.9223073620948702,5.640991111049742,68.69000244140625,-6.518781568720977,-2.2198022070887613,WAIT,5R+
284,KVYO,15.25,17.61620008468628,30.77127041599299,15,47.5,20.915000915527344,-27.085826763323894,0.87639128357374,23.98750114440918,27.060001373291016,17.409146525519237,0.8282142366681781,16.894999933242797,17.61620008468628,0.785611731217295,0.3938160937378754,1.1840479552914969,1.023204590814055,14.69041403006015,15.25,-27.085826763323894,-13.431955094238578,WAIT,5R+
285,VRSK,165.94000244140625,185.73580078125,54.61597487340658,15,47.5,226.0800018310547,-26.60120262852348,0.7533292447470121,257.46179962158203,288.8435974121094,184.42252203805106,5.253114972795759,177.62600173950196,185.73580078125,-7.777526711282434,0.6731430904427637,1.033939946093003,1.3550635003830183,13.880837551469227,165.94000244140625,-26.60120262852348,-10.65804129122,WAIT,5R+
286,EXC,40.650001525878906,44.24880004882812,51.56412827291024,15,40.0,48.4900016784668,-16.16828187504361,0.9991200551126554,52.895002365112305,57.30000305175781,44.081121420179095,0.6707145145961216,42.41100006103515,44.24880004882812,-13.013420735772751,0.6611729380759559,1.0073049076628886,1.7350075668920943,9.084348389704555,40.650001525878906,-16.16828187504361,-8.133098567594999,WAIT,5R+
287,INGM,26.950000762939453,28.0361999130249,22.500570052802257,13,40.0,30.950000762939453,-12.924070763803442,0.8337531872023325,33.58500099182129,36.220001220703125,27.789592779704503,0.9864285332815987,27.13149995803833,28.0361999130249,-1.9576703714429655,0.71658250287068,1.807864481285201,0.6974470094944335,8.513732355176785,26.950000762939453,-12.924070763803442,-3.874273808344575,WAIT,5R+
288,CALX,33.529998779296875,36.94279991149902,32.807206664442205,12,57.5,40.880001068115234,-17.979457183896862,1.0624838744954737,45.33500099182129,49.790000915527344,36.68699632644653,1.023214340209961,35.12849998474121,36.94279991149902,-10.363178384440474,0.6692639358123211,1.160229683019526,1.1109849296153338,10.897749039397109,33.529998779296875,-17.979457183896862,-9.238068420309043,WAIT,5R+
289,CMCSA,21.600000381469727,24.776399993896483,33.25059598749619,12,57.5,27.350000381469727,-21.02376570311042,1.1067444205808998,30.385000228881836,33.420000076293945,24.607723311015537,0.6747067315237862,24.077499866485596,24.776399993896483,-12.224052191748957,0.5586556170314381,1.3821783169155946,0.6498263413206837,11.096891426255318,21.600000381469727,-21.02376570311042,-12.82026288407211,WAIT,5R+
290,PEG,67.68000030517578,73.8031999206543,54.21351724349362,12,57.5,80.97000122070312,-16.413487359722602,1.1078656528878958,89.22500228881836,97.4800033569336,73.51873576572963,1.1378566196986608,70.61149940490722,73.8031999206543,-16.816933664970936,0.672594531638689,1.3083345419171482,1.0481324974847148,10.19513516569457,67.68000030517578,-16.413487359722602,-8.296658711358795,WAIT,5R+
291,TTWO,202.77999877929688,227.92499877929689,38.601663212989386,12,57.5,256.6199951171875,-20.980436973862528,1.0970491573142036,289.85999298095703,323.09999084472656,226.32053438459124,6.417857578822544,210.62600021362306,227.92499877929689,-19.089272823590054,0.6712595207935155,1.1307977062218888,0.7067894022967719,12.953003856379253,202.77999877929688,-20.980436973862528,-11.032137823700626,WAIT,5R+
292,BILI,14.84000015258789,16.71559997558594,50.768223144180986,12,47.5,19.469999313354492,-23.780171155891516,0.8885202345156579,22.00999879837036,24.54999828338623,16.61131429263524,0.41714273180280415,15.282750034332276,16.71559997558594,-13.067425242869056,0.6917511481837749,1.0700191913438164,0.5971517435531084,13.045709165863606,14.84000015258789,-23.780171155891516,-11.22065511101884,WAIT,5R+
293,CARG,31.15999984741211,35.01179996490478,40.2931371908786,12,47.5,41.220001220703125,-24.405630944615996,0.8794268147129826,46.940001487731934,52.66000175476074,34.715764402662,1.1841422489711217,33.09374990463257,35.01179996490478,-8.80265992146615,0.6567745052189491,1.5886627021457689,0.9963273903365419,13.876759091787427,31.15999984741211,-24.405630944615996,-11.001434148925938,WAIT,5R+
294,OC,118.36000061035156,139.06939987182616,36.34623449735282,12,47.5,159.8800048828125,-25.969478987002738,0.9537488581717829,180.82375717163086,201.76750946044922,137.92060528891426,4.595178331647601,127.41899909973145,139.06939987182616,-25.748782569692274,0.6640555516395432,1.1874013021345393,0.867205431582781,13.099669532890946,118.36000061035156,-25.969478987002738,-14.891413409823794,WAIT,5R+
295,DUK,114.20999908447266,121.69279968261719,55.4273272453428,12,40.0,132.64999389648438,-13.90124060344976,0.8930496274190531,142.7749900817871,152.89998626708984,121.31244234902519,1.5214293343680245,117.75349960327148,121.69279968261719,-9.980241133881762,0.6709152404191672,1.0780975147413852,1.3037882967283008,7.632865926253984,114.20999908447266,-13.90124060344976,-6.148926327325999,WAIT,5R+
296,EVRG,78.7300033569336,82.10499969482422,41.75091061523631,12,40.0,87.66000366210938,-10.187086393011102,0.9878310031217642,93.41500473022461,99.17000579833984,81.83410727909633,1.0835696629115514,80.1779998779297,82.10499969482422,-9.116703292307527,0.685721240300078,1.1792134655493436,1.2009131742083967,6.565138977518448,78.7300033569336,-10.187086393011102,-4.110585653048093,WAIT,5R+
297,GOOG,337.32000732421875,341.5830010986328,35.80327198433347,12,40.0,381.80999755859375,-11.652390068059294,0.7912949999884732,415.2699890136719,448.72998046875,339.5248934500558,8.232430594308036,338.7110000610352,341.5830010986328,-4.738932322195344,0.42369538848110655,0.9919641445631389,0.7932162046839559,8.763518941104543,337.32000732421875,-11.652390068059294,-1.2480111014608442,WAIT,5R+
298,GOOGL,340.9200134277344,343.9885986328125,35.48318736823111,12,40.0,384.4800109863281,-11.32958705625472,0.8164173321172872,419.27001953125,454.0600280761719,341.86699044363843,8.486432756696429,342.0604995727539,343.9885986328125,-4.810830585963799,0.42717943886768855,0.9719511556076279,0.7738926892561272,9.048587065858937,340.9200134277344,-11.32958705625472,-0.8920601488753621,WAIT,5R+
299,GEN,20.850000381469727,28.204800033569335,27.049422239338387,11,81.0,31.649999618530273,-34.123220749542824,1.4953751673555487,37.30494976043701,42.95989990234375,27.86837326458522,1.3457070759364538,28.20099992752075,28.204800033569335,-16.439177854306163,0.2645867922953229,3.107340236159025,2.271841427736685,17.867141264026777,20.850000381469727,-34.123220749542824,-26.076411261012066,WAIT,5R+
300,AFRM,69.30000305175781,73.4925,34.92438000502996,11,55.0,90.44000244140625,-23.374611697234858,0.6863592840121682,102.64500427246094,114.85000610351562,72.65776780809675,3.338928767613002,70.9694995880127,73.4925,-15.229221866177244,0.44264648060240014,0.9647887866389369,0.7134287099106204,13.495136556372822,69.30000305175781,-23.374611697234858,-5.704659588722927,WAIT,5R+
301,VIV,11.380000114440918,12.044999980926514,58.737465995364346,11,55.0,14.260000228881836,-20.196353914552123,0.6757560713134182,15.800000190734863,17.34000015258789,11.981071444920131,0.2557141440255301,11.774000024795532,12.044999980926514,-13.733597194838087,0.44826412968953233,0.983681653686736,0.46896164162535253,10.799438549334317,11.380000114440918,-20.196353914552123,-5.520961955488879,WAIT,5R+
302,TTAN,63.52000045776367,53.0,85.17502026680722,10,61.0,102.9520034790039,-38.30134595611053,0.49134698789003667,127.92800521850586,152.9040069580078,52.1203054019383,3.5187783922467912,66.23949947357178,78.53629997253418,-10.376054418211512,0.4703215282797864,1.5208319999295214,0.6890094480852397,24.259850119959616,63.52000045776367,-38.30134595611053,19.849057467478627,WAIT,5R+
303,TTD,12.050000190734863,11.854999542236328,86.44944426095162,10,61.0,19.549999237060547,-38.36316797449324,0.5539802907069039,23.889999389648438,28.229999542236328,11.715785230909075,0.5568572453090123,13.803000164031982,14.850000114440919,-33.559531776154195,0.4069689260436577,1.416338659492611,0.8175197319496067,22.199490137885203,12.050000190734863,-38.36316797449324,1.6448811136921426,WAIT,5R+
304,OTIS,65.62999725341797,70.81739974975586,24.326434730520695,9,50.0,75.31999969482422,-12.86511216233066,1.097925670783124,80.71000289916992,86.10000610351562,70.41073912484306,1.6266424996512276,68.66199989318848,70.81739974975586,-8.545753910241816,0.6237800842956994,1.50711778294813,1.1013618402559764,7.156138112300181,65.62999725341797,-12.86511216233066,-7.325039488414397,WAIT,5R+
305,XEL,70.69000244140625,76.35140045166015,39.81058975411929,9,50.0,82.56999969482422,-14.387788903144017,1.0671124801852907,89.55999755859375,96.54999542236328,76.01961443219867,1.3271440778459822,73.33700027465821,76.35140045166015,-12.175384925783684,0.6415945721635645,1.2270650181195948,1.0606539446865464,8.465541830694345,70.69000244140625,-14.387788903144017,-7.41492359899576,WAIT,5R+
306,CSCO,106.94000244140625,112.26759979248047,31.78184091285383,9,40.0,124.70999908447266,-14.249055226942831,0.767962330439999,134.80999755859375,144.90999603271484,111.55831432887486,2.837141854422433,108.72399940490723,112.26759979248047,-9.164000834983321,0.6846534705818811,1.2362491752295357,0.6354612907438404,8.098788026836434,106.94000244140625,-14.249055226942831,-4.7454451337001435,WAIT,5R+
307,NI,39.31999969482422,42.09919990539551,63.80575159930341,9,40.0,47.06999969482422,-16.46483970734375,0.8974311240120928,51.66550064086914,56.26100158691406,41.949271403721404,0.5997140066964286,40.59899978637695,42.09919990539551,-17.515859256123367,0.6828446993304704,1.20796679754701,1.1127322833473838,9.763120832461446,39.31999969482422,-16.46483970734375,-6.6015511383034635,WAIT,5R+
308,TMUS,162.97999572753906,177.64860046386718,29.149854049211935,9,40.0,196.08999633789062,-16.88510440547838,0.9563391191250048,214.9499969482422,233.80999755859375,176.3689578138079,5.118570600237165,174.26650009155273,177.64860046386718,-3.039695545080978,0.6040280648847234,1.452214763601933,0.8240885654611158,9.61803302696438,162.97999572753906,-16.88510440547838,-8.257089950625108,WAIT,5R+
309,SRAD,11.5600004196167,13.198399925231934,25.9929835545631,8,63.5,15.140000343322754,-23.645969897781104,1.1597012359434589,17.58750057220459,20.035000801086426,13.029542793546405,0.6754285267421177,12.815499925613404,13.198399925231934,-22.986652890793955,0.3805404245599724,1.0526481895068283,1.2552063303281926,16.165787142542996,11.5600004196167,-23.645969897781104,-12.413622218576947,WAIT,5R+
310,CHKP,126.93000030517578,134.6060001373291,13.172899036460846,7,50.0,141.9600067138672,-10.58749344735218,1.1500576758101688,151.9300079345703,161.90000915527344,133.29087521689277,5.260499681745257,134.6060001373291,132.06800048828126,-3.6316334141694773,0.35636597773931683,1.0648640078535112,0.7050665109878654,7.023105627769199,126.93000030517578,-10.58749344735218,-5.702568848581802,WAIT,5R+
311,XYZ,74.05000305175781,79.91179916381836,26.083469893964423,6,40.0,86.91999816894531,-14.806713516229319,0.9312503491100429,93.9474983215332,100.9749984741211,79.3736921092442,2.152428218296596,78.10349960327149,79.91179916381836,-2.7735486590547143,0.38402709887054565,0.9707453732723514,1.2240179800811326,8.085021054566322,74.05000305175781,-14.806713516229319,-7.335332420740426,WAIT,5R+
312,CHTR,110.66999816894531,141.2964010620117,31.042740182429387,5,63.5,160.6999969482422,-31.132544946724792,1.2170248552336325,186.06999588012695,211.43999481201172,139.8540801021031,5.769283839634487,133.26650123596193,141.2964010620117,-22.38623662457284,0.31439692671014446,1.1430494160151474,0.9219250476337607,15.787180717903727,110.66999816894531,-31.132544946724792,-21.675288728426413,WAIT,5R+
313,NAVN,20.690000534057617,25.77670009613037,31.731813755473926,5,63.5,30.8799991607666,-32.998701112840365,1.1153087440021543,36.964999198913574,43.04999923706055,25.424110761369977,1.4103573390415736,22.74950008392334,25.77670009613037,-9.739902357723185,0.36955627893053694,1.4173165667344187,0.6492950239934281,19.705311539898073,20.690000534057617,-32.998701112840365,-19.733711231859253,WAIT,5R+
314,BCE,20.139999389648438,22.605399894714356,26.21514394075196,2,67.5,23.940000534057617,-15.873020299240203,1.3047957519032294,25.842500686645508,27.7450008392334,22.481917803628104,0.4939283643450056,22.469499778747558,22.605399894714356,-6.576897671578664,0.26741125942144933,1.3527957556114614,1.0213047421935275,7.946951170202987,20.139999389648438,-15.873020299240203,-10.906245925967383,WAIT,5R+
315,RCI,30.8700008392334,35.07339992523193,28.435827132074227,2,50.0,38.09000015258789,-18.95510444849382,1.1116325251104702,41.702500343322754,45.31500053405762,34.84027498790196,0.932499749319894,35.010500049591066,35.07339992523193,-5.223145233969307,0.2612457005460165,1.1842761458871356,0.8619579988914663,9.48411702878249,30.8700008392334,-18.95510444849382,-11.984578327048911,WAIT,5R+
316,KD,11.289999961853027,12.885999984741211,26.53417947542814,2,47.5,14.710000038146973,-23.24949060112147,0.969694839160279,16.615000247955322,18.520000457763672,12.745464255469185,0.5621429170880999,12.5614999294281,12.885999984741211,-0.3846019012977764,0.33267104949219045,1.0166067771271956,1.0796993279816982,12.950375288022942,11.289999961853027,-23.24949060112147,-12.385534881096284,WAIT,5R+
