Rank,Stock,Daily Close,Support,Active Support,Support R/R Raw,Setup,Trade Quality,Trigger,% From Trigger Daily,Breakout R/R,Initial Target,Stretch Target,Stop,ATR14,MA10,MA20,MA50,RS vs QQQ,RS10 vs QQQ,RS Acceleration,VCP,Volume Dry-Up,RVOL,Target Upside %,Thrust %,Consolidation Days,Shelf Drawdown %,Continuation Structure,Live,% From Trigger,% Above Support,% Above Active Support,Action,Support R/R
1,MRVL,283.5299987792969,251.46849899291993,267.260009765625,28.869018781628434,98,85.0,280.0,1.2607138497488846,2.1676994837985486,349.18499755859375,418.3699951171875,248.0836766924177,13.539289202008929,265.6319976806641,251.46849899291993,230.1543991088867,15.378324782059494,6.238873737095085,-9.139451044964408,0.8173767942805057,0.7308990972444169,2.029702586865614,24.708927699497774,19.897622050086095,10,-5.42002849362081,False,284.2650146484375,1.5232195172991014,13.04199762072027,6.362719547052742,BUY BREAKOUT,5R+
2,MSTR,164.47000122070312,152.02000427246094,162.48229584330724,25.815780847346716,95,91.5,171.19000244140625,-3.9254635930057846,1.9064801629931074,212.18000411987305,253.17000579833984,149.68964672088623,9.321430206298828,159.672998046875,150.18399925231932,126.37839996337891,68.22456028715803,-3.5393949782233536,-71.76395526538138,0.8329230090852703,0.746357112915585,0.436536512269639,23.9441562555597,31.06720846288349,11,-9.780412894681934,True,164.560302734375,-3.872714301350877,8.249110715349307,1.2789128072585365,WAIT,5R+
3,NET,354.760009765625,340.2175003051758,352.8019989013672,20.98312221730755,95,91.5,367.42999267578125,-3.448271279622017,1.9078014364576303,427.25999450683594,487.0899963378906,336.0692856924875,16.592858450753347,352.8019989013672,340.2175003051758,311.4566003417969,22.772768688479793,-1.331610901926017,-24.10437959040581,0.8426559656800496,0.7274262333918884,0.32742931799708513,16.283374526762827,26.08274648561526,11,-3.6966472839946585,True,354.6000061035156,-3.491817986559076,4.2274444393479715,0.5096363421260186,WAIT,5R+
4,ZETA,33.154998779296875,30.766750144958497,32.24072865557624,31.802875798999914,95,91.5,34.79999923706055,-4.727012913298612,1.7845092614136866,42.66499900817871,50.529998779296875,30.392625209263393,1.496499742780413,30.93950023651123,30.766750144958497,28.963500022888184,46.0843376364251,8.209629190307254,-37.87470844611784,0.839678692597901,0.7195650051782149,0.49715075826737454,22.600574550422014,5.975155168152724,4,0.2058933629583537,False,33.154998779296875,-4.727012913298612,7.76243387126061,2.835761354799615,WAIT,5R+
5,COHU,72.6500015258789,62.148000717163086,71.66000366210938,37.13732828500603,95,89.0,75.72000122070312,-4.0544105194557645,1.26549439561516,93.98000144958496,112.2400016784668,61.29085772378104,3.428571973528181,68.55600090026856,62.148000717163086,55.54820030212402,32.4040420712923,10.735654164910912,-21.66838790638139,0.7987058402215252,0.7912107811498647,0.27616665550783825,24.11516103342224,34.080444993547765,7,-4.6716433852466155,True,72.48999786376953,-4.26572015961677,16.640916887532885,1.1582391281665716,WAIT,5R+
6,DELL,573.489990234375,551.5340026855469,553.3211555002225,25.087083044179884,95,84.0,595.510009765625,-3.6976741230456245,2.345420483276476,713.8250122070312,832.1400146484375,545.0648962838309,25.87642560686384,549.9750061035156,551.5340026855469,494.1836016845703,25.77569848516945,2.6458663214047773,-23.12983216376467,0.8887065040491962,0.7539181131551296,0.38888093586178574,19.86784445285337,13.5584862625719,11,-9.582660672813647,False,573.02001953125,-3.7765931496644978,3.895683084104107,3.5601140197177195,WAIT,5R+
7,TEAM,193.57000732421875,187.79900054931642,187.7240005493164,32.07965581710585,95,84.0,200.0,-3.21499633789063,4.151766956974476,260.0,320.0,185.54832180568152,9.00271497453962,187.7240005493164,187.79900054931642,167.76559997558593,119.4912985671159,0.7778142050413495,-118.71348436207455,0.9019980771492923,0.5379144572229652,0.2679774246487612,30.000000000000004,10.911461398818068,11,-14.11560043729333,False,193.57000732421875,-3.21499633789063,3.072969908264689,3.114149899744212,WAIT,5R+
8,VEEV,284.4200134277344,271.04649963378904,281.78553946618473,39.84151523752282,95,84.0,296.239990234375,-3.990000403824301,2.1431428471323968,354.7349853515625,413.22998046875,268.94596492222377,8.402138846261161,279.33800048828124,271.04649963378904,254.47760009765625,44.16473071091567,7.1805763759549945,-36.98415433496068,0.8836233644606684,0.6728775351233659,0.27164914499512555,19.74581320736213,9.699866100764432,4,-4.417591637724239,False,284.5,-3.9629998046809,4.963539608291567,0.9633072509531715,WAIT,5R+
9,TER,431.94000244140625,388.16900329589845,427.0299987792969,30.79128172800698,95,71.5,451.8599853515625,-4.4084414544159785,1.1353739911940477,529.3799743652344,606.8999633789062,383.58293337140765,18.34427969796317,412.1750030517578,388.16900329589845,378.76600036621096,15.874477203477632,6.509615598339047,-9.364861605138586,0.7745286269371484,0.610879290631966,0.2840355696446412,17.15575433247507,21.901571358568006,6,-2.03338484743264,True,431.6499938964844,-4.472622518091319,11.201561750524602,1.0818900616804905,WAIT,5R+
10,CRWD,278.0400085449219,248.66300201416016,267.6719970703125,29.665784516349444,92,92.5,274.2300109863281,1.3893437647069629,1.991642315236449,330.6549606323242,387.0799102783203,245.8991459437779,11.055424281529017,264.78700256347656,248.66300201416016,223.54380065917968,38.493454976469586,9.359121829428684,-29.134333147040902,0.8544733419802548,0.7355324440675866,0.4323637953314982,20.575774855221507,26.966229689422327,9,-6.087849564576031,False,277.70001220703125,1.2653615876039526,11.677253937124732,3.746381857824521,BUY BREAKOUT,5R+
11,PANW,417.90008544921875,378.6905029296875,399.1700134277344,22.122224232177206,92,92.5,409.5,2.051302918002129,1.7683600421582957,471.3925018310547,533.2850036621094,374.5000563485282,16.761786324637278,395.99200744628905,378.6905029296875,365.53180114746095,23.36760579667083,9.737754621064475,-13.629851175606355,0.813344047737929,0.7767412725312931,0.46204181336717004,15.114164061307612,18.9475261009979,9,-6.618357382965123,False,417.8500061035156,2.039073529552038,10.340767162333343,4.679708406794703,BUY BREAKOUT,5R+
12,RBRK,126.12999725341797,108.82600059509278,,36.191673702369535,92,92.5,124.26499938964844,1.5008231383976334,1.8137831128190434,154.56000137329102,184.8550033569336,107.56233975546701,5.0546433585030695,116.40400009155273,108.82600059509278,98.19660003662109,42.45728876128485,10.916735949590883,-31.540552811693967,0.8785023654351564,0.7161839307635134,0.3697481057114631,24.37935229746295,33.37564646240434,9,-8.367221765579346,False,126.0999984741211,1.4766821659241147,15.873043008627508,,BUY BREAKOUT,5R+
13,ZS,207.8300018310547,195.38624954223633,202.43150024414064,25.16115063036755,92,91.5,216.97000122070312,-4.212563643925682,1.6203055524587513,255.83499908447266,294.6999969482422,192.98378590175085,9.609854561941964,202.43150024414064,195.38624954223633,181.4886996459961,37.79298766277337,-2.948282177666539,-40.74126984043991,0.8655025481357832,0.922157489080165,0.7471371009527757,17.91261356183329,31.294350990425922,8,-12.564756903333107,False,207.8300018310547,-4.212563643925682,6.368796329307913,2.6668288188366196,WAIT,5R+
14,AMD,656.6099853515625,596.0700073242188,623.9699951171875,26.322424616810896,92,85.0,645.4600219726562,1.727444458113725,2.104161059773559,762.7050323486328,879.9500427246094,589.7394725254604,25.322139195033483,623.9699951171875,581.7420013427734,518.9634008789062,19.917400058046496,3.4345581675670367,-16.48284189047946,0.8352548691187673,0.7690414024601787,0.6752360029601355,18.164565795671137,28.88581989894059,11,-3.159931698378138,False,656.0499877929688,1.6406850091113867,10.062573142708931,5.141271684026449,BUY BREAKOUT,5R+
15,MTSI,347.94500732421875,282.8057487487793,,30.49994571229895,92,72.5,332.0799865722656,4.777469704125226,1.1490204105209991,392.84249114990234,453.60499572753906,279.1979802812849,14.431073869977679,299.3475006103516,282.8057487487793,278.3960992431641,7.00852995690493,22.573608506783117,15.565078549878187,0.7755772582336811,0.7191122337756708,0.4152393376304054,18.297550901765614,19.17620112819014,7,-3.8834597658919168,False,347.94500732421875,4.777469704125226,23.03321586058127,,BUY BREAKOUT,5R+
16,SMCI,43.23500061035156,40.49674949645996,42.49079952293833,27.009535696685422,91,84.0,44.59000015258789,-3.038796899752172,2.3016177803845768,55.27000141143799,65.95000267028809,39.94978519167219,2.187857219151088,42.2114990234375,40.49674949645996,37.04649967193603,46.493046745506696,2.25020636708253,-44.24284037842416,0.6129903038990745,0.6881195884259182,0.39427065286127616,23.951561386640318,21.380468749665525,7,-7.235315244707197,True,43.19499969482422,-3.128505164812634,6.662880927270787,1.6573003562941446,WAIT,5R+
17,P,147.17999267578125,116.17349967956542,,39.66045981962034,89,90.0,144.02999877929688,2.1870401466233647,1.4008006180497572,185.5,226.97000122070312,114.42549926212855,6.992001669747489,131.30899963378906,116.17349967956542,104.89299987792968,82.36189133970989,30.895921876529876,-51.46596946318001,0.8330838535578557,0.9821727073372046,0.1958180325084617,28.792613741703434,37.982507550481074,6,-1.305251499995641,False,146.9600067138672,2.034303936265447,26.500455886427112,,BUY BREAKOUT,5R+
18,FTNT,189.03500366210938,173.65625076293946,179.47550201416016,23.0006986049388,89,86.5,184.6300048828125,2.3858520623951662,1.9443216156564844,208.95000457763672,233.27000427246094,172.12178633553643,6.137857709612165,179.47550201416016,173.65625076293946,165.01429992675781,13.641437231510722,6.648518256879332,-6.992918974631389,0.8456136993700525,0.5894457035881373,0.5344645428195988,13.172290013348853,14.525531559597372,9,-5.135955942958392,False,189.0449981689453,2.3912653249048343,8.86161444716047,5.3319233251288844,BUY BREAKOUT,5R+
19,QLYS,196.6199951171875,179.8009994506836,188.8699951171875,28.89438711388778,89,85.5,201.5399932861328,-2.4412019117020733,1.5446150358578412,238.24249267578125,274.9449920654297,177.7784096309117,8.090359279087611,185.5269973754883,179.8009994506836,176.80359985351564,21.072004266526733,5.424868909700065,-15.647135356826668,0.8410072213687424,0.7135727691687874,0.3363407982589304,18.21102541049544,22.963797436222876,9,-9.05351822900603,False,196.6199951171875,-2.4412019117020733,9.354228128813634,4.103351617704742,WAIT,5R+
20,FRSH,14.0600004196167,12.644500017166138,,27.85112097361907,89,84.5,13.989999771118164,0.500362041771063,1.5594500515257352,16.292499542236328,18.594999313354492,12.5135178736278,0.5239285741533551,12.932999992370606,12.644500017166138,12.547599964141845,31.263924023097456,11.374314302045963,-19.889609721051492,0.8415839186016891,0.8107707444626956,2.0518747934491244,16.458183050664445,8.424599912731168,9,-7.070705947971179,False,14.0600004196167,0.500362041771063,11.194593701046962,,BUY BREAKOUT,5R+
21,ASX,46.761600494384766,42.7500804901123,45.70000076293945,31.191283097264687,89,83.0,47.93000030517578,-2.4377212671639503,1.4967618572343842,56.33500003814697,64.73999977111816,42.31454471860613,1.7421430860246931,45.17716026306152,42.7500804901123,39.39883220672608,10.123107744468607,1.6246693663771516,-8.498438378091455,0.8204936328882431,0.7568834067755774,0.29943644828618127,17.535989316619236,22.06358479814321,5,-3.7077913358133263,True,46.7400016784668,-2.482784517279635,9.333131406097174,2.275713125087586,WAIT,5R+
22,PLTR,191.77499389648438,182.94000244140625,189.76874891441955,36.23350614989011,89,78.0,194.77999877929688,-1.542768714264875,2.9063789453675097,233.2249984741211,271.6699981689453,181.55219868251257,5.551215035574777,189.55149688720704,182.01524810791017,172.31049865722656,38.0565144529829,1.837562209656407,-36.2189522433265,0.8911977410162895,0.5079209699675075,0.4314767990948241,19.73765270344099,16.115998811753784,8,-4.039669207764673,True,191.77999877929688,-1.5401992087489824,4.832183349687003,1.0598425064099137,WAIT,5R+
23,ARW,240.42999267578125,224.94700088500977,235.80766147997494,28.71578098277737,89,65.5,249.42999267578125,-3.608226862957309,1.0455292344819576,276.9199905395508,304.4099884033203,223.13709051949638,7.239641462053571,232.89300079345702,224.94700088500977,216.5688006591797,14.125383509906264,6.55459773637066,-7.570785773535604,0.7656039627748892,0.8762361545705225,0.33689586635469343,11.021127639410278,9.966937367823526,7,-3.22164944230372,False,240.42999267578125,-3.608226862957309,6.882950975054869,1.9602124743511862,WAIT,5R+
24,META,741.3900756835938,713.1900024414062,739.4371930211082,27.406840638818004,88,91.5,779.8200073242188,-4.928051509282105,1.7317719941203842,907.4850158691406,1035.1500244140625,706.10071345738,28.35715593610491,739.0240051269532,708.5700012207031,630.92419921875,15.939966212373813,-1.179898533422885,-17.119864745796697,0.8438542036221708,1.078370745089339,0.22932617610324288,16.37108657714186,20.827088674291062,11,-3.7854971411256377,True,741.4450073242188,-4.921007365747821,3.961778037562147,0.27153277141864773,WAIT,5R+
25,PRCH,17.739999771118164,16.599499940872192,16.881999969482422,23.106975981762268,88,91.5,18.3700008392334,-3.429510284886439,1.709532718575395,21.780001163482666,25.190001487731934,16.375303523881094,0.8967856679643903,16.881999969482422,16.599499940872192,16.462899990081787,12.475441606488747,2.0948179248984955,-10.38062368159025,0.8574213495061963,1.0207157527529265,0.4527235564971843,18.56287516855426,6.355143341118796,10,-6.7662551471597165,False,17.729999542236328,-3.483948109736601,6.810443720539783,5.023099006556309,WAIT,5R+
26,SPCX,173.5,152.2905014038086,,34.536940011005036,88,84.5,172.47000122070312,0.5972045990646269,1.641954297767183,208.26495361328125,244.05990600585938,150.66978885105678,6.482850211007254,154.2260009765625,152.2905014038086,141.27800018310546,10.006746950572776,10.307857720273761,0.30111076970098516,0.8721844550836126,0.7936574477779598,0.6914873390600649,20.754306336887375,7.826326083787105,10,-6.049638402600466,False,173.52000427246094,0.6088032958347034,13.94013590667802,,BUY BREAKOUT,5R+
27,DIOD,110.00499725341797,95.39375,,31.71337464185221,88,64.5,110.11000061035156,-0.09536223444878145,1.15891840705984,128.37000274658203,146.6300048828125,94.35392837524414,4.1592864990234375,99.12949905395507,95.39375,93.57429977416992,11.592372246255444,12.830001275958058,1.2376290297026138,0.831089087897644,0.669813876243137,0.7007875740528701,16.583418431580533,8.665995721294294,5,-2.243260237013678,False,110.02799987792969,-0.07447164832198316,15.340889605377384,,WAIT,5R+
28,MU,1067.6700439453125,1030.7404998779298,1055.56005859375,24.984105410633724,87,84.0,1108.719970703125,-3.7024612023340397,2.0946167604400454,1294.1399536132812,1479.5599365234375,1020.197818865095,42.170724051339285,1072.277001953125,1030.7404998779298,962.255400390625,5.542629832996426,-4.429269393871071,-9.971899226867498,0.8323260347769701,0.7555174511981387,0.4235848189662013,16.723788495716118,18.628183005458364,10,-6.68333158309764,True,1067.8798828125,-3.6835349745459323,3.6031748960061893,1.1671362627307946,WAIT,5R+
29,S,25.600000381469727,23.131999969482422,24.920000076293945,26.751677785408884,86,85.5,25.75,-0.5825227904088237,1.5627397950017057,30.25749969482422,34.76499938964844,22.865642854145594,1.0654284613473075,24.102999877929687,23.131999969482422,21.80519989013672,36.75364541398456,5.5073288502932805,-31.246316563691277,0.8486676530277244,0.9846328302926721,0.5974083256539813,17.504853183783364,23.97119197218176,9,-9.585059872938928,False,25.594999313354492,-0.6019444141573072,10.647584934815214,2.70866466691011,WAIT,5R+
30,SMTC,197.0500030517578,175.0710021972656,189.6300048828125,28.82164844118685,86,85.5,201.99000549316406,-2.445666769177568,1.6722166197315675,251.43500900268555,300.88001251220703,172.42146579197473,10.598145621163505,183.0710021972656,175.0710021972656,148.80740097045899,45.955806504274086,11.20255729789168,-34.75324920638241,0.8622060441767709,0.8804464361767573,0.28317159633335115,24.47893567248547,36.632207045323575,12,-12.129731049408788,False,196.89999389648438,-2.519932401730618,12.468650676153903,3.833775682368712,WAIT,5R+
31,LITE,1117.1199951171875,959.1765075683594,1037.2440185546875,28.709955878803324,86,83.0,1124.4000244140625,-0.6474590127004576,1.4693590283948237,1389.1800231933594,1653.9600219726562,944.1990022931781,59.910021100725444,1001.3750122070312,959.1765075683594,893.7023034667968,51.00031209367379,16.299807447285495,-34.700504646388296,0.8675073685189365,0.8762123982441528,0.47010801806668406,23.54855861171621,16.03532525249498,5,-3.4124614568586398,False,1117.1099853515625,-0.6483492444158356,16.465528141800046,7.699824281287393,WAIT,5R+
32,PI,187.51499938964844,178.79949874877929,184.17999267578125,32.367901124146115,86,78.0,192.64500427246094,-2.6629316977029194,2.2234980286877675,226.72250747680664,260.80001068115234,177.31892672947473,5.922288077218192,181.08549957275392,178.79949874877929,171.36060028076173,24.006138382744236,1.3417419036875877,-22.66439647905665,0.8897995859458245,0.8104414420923344,0.12842145221177,17.689274286162828,11.745599015877573,11,-6.327259305233235,False,187.51499938964844,-2.6629316977029194,4.874454739448009,1.8107323523125052,WAIT,5R+
33,NTNX,73.36000061035156,69.38999977111817,71.81500244140625,35.701908677757196,86,72.0,74.41999816894531,-1.4243450479364261,2.017138749825364,85.47499656677246,96.52999496459961,68.93946372440884,1.8021441868373327,70.60799942016601,69.38999977111817,66.66229988098145,29.04235180109509,4.104821694118499,-24.937530106976592,0.8868323962086077,0.788612647127605,0.37066536029583513,14.854875933657684,7.062064927991907,11,-5.41119484007192,False,73.2699966430664,-1.54528561431595,5.591579312215522,2.026030985443872,WAIT,5R+
34,VIA,31.420000076293945,28.42400007247925,29.938999938964844,28.602700973951716,85,85.0,31.0,1.354838955786919,2.571336442318573,38.53250026702881,46.06500053405762,28.070589385713852,1.413642747061593,29.938999938964844,28.42400007247925,26.383999977111817,68.3489878630812,8.920592846222352,-59.42839501685886,0.6373844339425707,0.8954204220911688,0.14407729120404475,24.29838795815744,16.381984766533787,8,-5.737155902658797,False,31.420000076293945,1.354838955786919,10.540388390708921,4.946725476296288,BUY BREAKOUT,5R+
35,WAY,26.114999771118164,25.253249835968017,25.420471816999946,20.610988938756392,84,85.5,27.280000686645508,-4.27053110778568,1.5531256255421957,30.84950065612793,34.41900062561035,24.98173201424735,1.086071286882673,25.30049991607666,25.253249835968017,24.76189998626709,7.956950911793537,0.062118900449115166,-7.8948320113444215,0.8351312580666086,0.6620155498327204,0.24431754784749662,13.084676978141774,11.491759236352506,11,-5.387002609306435,False,26.114999771118164,-4.27053110778568,3.4124318285671196,2.7321599658655993,WAIT,5R+
36,SHOP,165.67999267578125,142.4484001159668,,26.80332979092727,84,72.5,162.99000549316406,1.650400080960801,1.236112468023474,190.6025047302246,218.21500396728516,140.6518283843994,7.186286926269531,149.65899810791015,140.76199951171876,142.4484001159668,31.98413067016834,10.312747472900941,-21.6713831972674,0.8158702180862091,0.826735682741053,0.4754321575420669,16.941222348887308,16.698267988813843,10,-8.16299740691483,False,165.5800018310547,1.5890522428378295,16.238583021119602,,BUY BREAKOUT,5R+
37,GTLB,52.0,48.68624992370606,49.0,40.974269409072264,83,83.5,55.54999923706055,-6.390637778248864,1.7495192886372752,68.39999866485596,81.24999809265137,48.205124841417586,1.9245003291538783,48.787499618530276,48.68624992370606,44.2401000213623,56.8452958509601,4.683527311678692,-52.161768539281404,0.8536737976092352,0.7832320736287046,0.44375386125283894,23.132312518957598,7.468160905949817,11,-11.186984519791753,False,51.98500061035156,-6.4176393801470555,6.775528392132935,6.0918379803093,WAIT,5R+
38,MGNI,25.09000015258789,24.48849973678589,24.829999923706055,23.383566950962315,83,83.5,26.84000015258789,-6.520119187969775,1.7209088175503726,31.395000457763672,35.95000076293945,24.19314271381923,1.1814280918666296,24.664999771118165,24.48849973678589,23.624599800109863,16.54937508777705,-0.6608386714711312,-17.210213759248184,0.7976592887641508,0.7795316824436657,0.23753005553224796,16.970939937705598,8.266558698877668,5,-4.168288631258543,False,25.09000015258789,-6.520119187969775,2.456256701174908,1.047121343861157,WAIT FOR SUPPORT,5R+
39,HPE,70.73999786376953,61.92850036621094,66.0,24.95725390939671,83,82.0,70.29000091552734,0.640200515551248,1.492484415401407,84.09500312805176,97.90000534057617,61.04032160895212,3.5527150290352956,64.98100051879882,61.92850036621094,56.59040023803711,51.375484784016564,14.080009674686988,-37.29547510932957,0.8544350684485954,0.8228880792549538,0.28742700808008653,19.640065489705847,18.75,11,-2.113360818098431,False,70.68000030517578,0.5548433412557952,14.131619346848879,7.0909095532966315,BUY BREAKOUT,5R+
40,ANET,214.36500549316406,201.47124938964845,206.36145130095548,27.499656574818857,83,78.5,214.88999938964844,-0.24430820325539448,1.939891418825846,243.91500091552734,272.94000244140625,199.92782096862794,6.173713684082031,206.01950073242188,201.47124938964845,194.94710021972656,11.415161994048661,2.641269667310908,-8.773892326737753,0.9063056539213318,0.6152801633313754,0.7918969692568538,13.50691126079322,9.978172481109526,7,-2.7978730925313444,False,214.375,-0.23965721583656396,6.404760306715285,3.883258548786639,WAIT,5R+
41,DT,60.86000061035156,56.462999725341795,58.90999984741211,36.20335362140514,83,77.0,60.67499923706055,0.30490543983066054,2.2917828766334285,71.26499938964844,81.85499954223633,56.054142584119525,1.6354285648890905,58.78999977111816,56.462999725341795,52.20259979248047,31.837160365018867,4.56840380869703,-27.268756556321836,0.9026076740832955,0.8268397398580488,0.25564667763610927,17.453646948081825,15.632411237043042,9,-4.898303532164627,False,60.779998779296875,0.17305239976368458,7.64571325461747,3.174331924509266,BUY BREAKOUT,5R+
42,DOCU,69.94000244140625,68.43800048828125,68.58100051879883,32.624843516714876,83,76.0,74.06500244140625,-5.569432071865976,2.2099039198755825,87.81250381469727,101.56000518798828,67.84414313180106,2.375429425920759,68.58100051879883,68.43800048828125,63.89520027160645,41.129373517972034,2.9331344030357753,-38.19623911493626,0.8657321857288747,0.6358075460580559,0.19292806047991579,18.561400013679652,7.820017306711136,9,-8.015541611821353,False,69.8936996459961,-5.631948501871886,2.1270334424281057,1.9140857048847382,WAIT FOR SUPPORT,5R+
43,PAYC,223.90499877929688,222.4417495727539,223.25586662635786,45.50082053825951,83,76.0,244.97999572753906,-8.602741985382877,2.233061188524987,299.0699920654297,353.1599884033203,220.75764274597168,6.736427307128906,221.79149932861327,222.4417495727539,216.3013003540039,54.67842580166962,-2.1440754396309325,-56.82250124130055,0.8230094054208367,0.5928892947639302,0.19694588366920177,22.079352306809664,4.963353213359523,12,-6.133995473612508,False,223.88999938964844,-8.60886468515838,0.6510692438250532,0.28403856654386495,BUY SUPPORT,5R+
44,WCC,387.5199890136719,358.2380004882813,374.54998779296875,23.27945183543568,83,76.0,385.3699951171875,0.5579038128878056,1.334204594489582,425.4199981689453,465.4700012207031,355.35210789271764,11.543570382254464,370.1559997558594,358.2380004882813,353.44700012207034,15.588892833069522,5.195875283427087,-10.393017549642435,0.8146205722289892,0.7168847187115387,0.2892829529365693,10.392610623351462,9.86067446896941,7,-3.274003565035144,False,387.5199890136719,0.5579038128878056,8.17389235242465,3.462822491899864,BUY BREAKOUT,5R+
45,MSFT,532.489990234375,504.872998046875,515.3909613450626,34.926939827755014,83,71.0,532.3499755859375,0.026301240698534123,2.5925457410394808,611.4999694824219,690.6499633789062,501.820140511649,12.211430140904017,513.3769989013672,504.872998046875,493.46159912109374,31.922184525720798,5.095503612478991,-26.82668091324181,0.9098021865129357,0.74578805228738,0.3887381799000814,14.868037480299856,5.276360546864067,7,-2.702594523378399,False,532.5,0.028181538638638592,5.472069621469422,3.319623341916289,BUY BREAKOUT,5R+
46,OKTA,216.68099975585938,195.9080497741699,210.3800048828125,30.145398632896857,82,85.5,219.67999267578125,-1.3651643389974044,1.8862663149580938,269.0999946594238,318.5199966430664,193.48008569989884,9.711856297084264,208.24510040283204,195.9080497741699,167.93432006835937,40.64719356474098,8.37273488348349,-32.27445868125749,0.6092447393728999,0.9507614194405577,0.4376381845182612,22.49635999240951,24.10810774153058,8,-7.810684977410509,False,216.80999755859375,-1.3064435601212177,10.669264386286459,3.0563706276948377,WAIT,5R+
47,BOX,35.2599983215332,33.76399974822998,34.397499084472656,25.34429341691663,82,77.0,36.34000015258789,-2.9719367818378473,1.4580672887799313,40.482500076293945,44.625,33.49891047477722,1.0603570938110352,33.372999572753905,33.76399974822998,33.433599853515624,15.105577233656863,5.440868984630032,-9.66470824902683,0.7914430419356012,0.7733139246358177,0.1380910471361648,11.399284277138499,2.1978060366073526,4,-0.6571123766760611,False,35.2599983215332,-2.9719367818378473,4.430750457465127,2.507447518037398,WAIT,5R+
48,NTAP,228.58999633789062,201.75800018310548,218.01145463917663,33.76694556506065,82,65.5,231.89999389648438,-1.427338355201191,1.1761898818247998,269.7199935913086,307.5399932861328,199.74532203674318,8.050712585449219,211.20700073242188,201.75800018310548,194.6256005859375,31.218522724541575,16.665470171072137,-14.553052553469438,0.8370528945597562,1.0164269271919681,0.3061624442295092,16.308754070819997,10.135313400901659,5,-0.5497628534038679,False,228.55999755859375,-1.4402744397576495,13.284230291321354,4.838526919090391,WAIT,5R+
49,UI,624.0499877929688,575.0735015869141,600.780029296875,22.64146709196577,82,59.5,627.97998046875,-0.6258149619431719,1.100072584770345,691.8549652099609,755.7299499511719,569.915643964495,20.63143048967634,584.0900024414062,575.0735015869141,573.5387976074219,11.297294947114601,5.60162732963061,-5.695667617483991,0.5943640171032254,0.6018312048327912,0.22469730324711062,10.171500163672743,13.235230150414168,12,-6.293678634588384,False,623.697509765625,-0.6819438256500443,8.455268421259742,3.8146208847140928,WAIT,5R+
50,VIAV,47.209999084472656,39.25149993896484,45.70000076293945,29.68990699305776,82,55.5,48.41999816894531,-2.498965572552836,0.8710775755666553,56.924997329711914,65.42999649047852,38.656230395180835,2.3810781751360213,42.49499931335449,39.25149993896484,38.62800018310547,9.009248326499964,27.867597007920942,18.858348681420978,0.7634086509823432,1.2182131791301134,0.17469008722012708,17.565054693086246,23.87441283772247,5,-4.567192399211084,False,47.209999084472656,-2.498965572552836,20.275656109659735,3.304153821279021,WAIT,5R+
51,SANM,225.13499450683594,212.85874938964844,223.6199951171875,23.003314229179324,81,91.5,232.5,-3.167744298135078,1.5916109229488564,267.5449981689453,302.5899963378906,210.48142896379744,9.509281703404017,222.74550018310546,212.85874938964844,202.6434994506836,0.4464043624673453,2.510067881978051,2.0636635195107056,0.8240706125459978,0.8768363908242764,0.25510221012809453,15.073117492019495,17.305987973739366,7,-8.453085215484823,True,225.0800018310547,-3.1913970619119603,5.7414846589343815,0.6528963177474756,WAIT,5R+
52,OCTV,20.0049991607666,18.869499816894532,19.200499725341796,22.844067996533987,81,77.0,20.579999923706055,-2.793978450296841,1.3615756095310312,23.164999961853027,25.75,18.68146412440709,0.7521427699497768,19.200499725341796,18.823749923706053,18.869499816894532,11.247021782208598,1.448059313679284,-9.798962468529314,0.8361530606742578,0.6444541529846715,0.2225062930076962,12.560738813071204,14.898548955502712,9,-8.47628824946196,False,20.0049991607666,-2.793978450296841,6.017644107637743,4.189992171729706,WAIT,5R+
53,NVDA,241.2550048828125,224.98925018310547,233.60000610351562,31.14148421430926,80,78.5,240.10000610351562,0.4810490420391389,1.621616373928637,266.7800064086914,293.4600067138672,223.64728600638253,5.367856706891741,230.45750122070314,224.98925018310547,219.8143002319336,11.206901741500097,3.5811760439139917,-7.625725697586105,0.8407305762295858,0.8295764010469182,0.4516082349062584,11.11203649602286,8.489755324862248,10,-3.399309190928812,False,241.2100067138672,0.46230761438339485,7.209569576128905,3.2577056556151396,BUY BREAKOUT,5R+
54,RNG,77.7300033569336,75.17050018310547,77.3849998474121,34.55537385484348,80,76.0,81.9000015258789,-5.09157276099399,2.958682953955674,104.30500221252441,126.71000289916992,74.3273751122611,3.3725002833775113,77.3849998474121,75.17050018310547,69.02720008850098,89.94854971179369,-4.338663205177607,-94.2872129169713,0.886083427699692,0.8618861666352122,0.17544121837697496,27.356532685247803,15.815440823372429,8,-9.433724389985365,True,77.7300033569336,-5.09157276099399,3.404930348465829,0.44582736990601557,WAIT,5R+
55,DSGX,79.63999938964844,78.72799987792969,79.63999938964844,22.661412935640183,79,85.5,83.68000030517578,-4.827916946455202,1.6173084989000306,92.68500137329102,101.69000244140625,78.1121070589338,2.4635712759835378,79.97399978637695,78.72799987792969,78.23439971923828,4.554779763192296,-0.8411041953675813,-5.395883958559877,0.8105005479603897,0.7099480732653165,0.17468274792132862,10.761234506781259,12.507008142335497,9,-5.820037753333418,False,79.63999938964844,-4.827916946455202,1.1584182414551725,0.0,WAIT FOR SUPPORT,5R+
56,NOW,137.80999755859375,136.15549926757814,135.56099853515624,31.853941284725522,79,83.5,149.60000610351562,-7.8810214330899075,1.9647347147605205,178.635009765625,207.67001342773438,134.82192769731796,5.334286281040737,135.56099853515624,136.15549926757814,130.58039978027344,20.87647805549915,-1.2389581439330666,-22.115436199432217,0.8418353070939,0.504137759231526,0.335252647651379,19.408424115984737,7.375484802020393,9,-9.965903467076975,False,137.80499267578125,-7.884366942854815,1.2114776245368386,1.655339046534876,WAIT FOR SUPPORT,5R+
57,SAP,212.02000427246094,210.4889991760254,209.936761838185,45.00969172896973,79,76.0,223.27999877929688,-5.042992909528799,2.8077948783296343,262.43499755859375,301.5899963378906,209.33489221845355,4.616427830287388,209.81699981689454,210.4889991760254,208.26139923095704,27.698455116701794,-1.1941560173373,-28.892611134039093,0.8285599816957419,0.6563753607494623,0.3256592801108529,17.53627686911625,2.296671909506154,10,-3.564645323674942,False,212.02000427246094,-5.042992909528799,0.7273563475662659,0.992319027899291,BUY SUPPORT,5R+
58,AVT,106.13999938964844,98.77850036621093,103.72000122070312,24.475401748265796,79,59.5,108.62999725341797,-2.2921825708609123,1.2110897166574275,121.69499588012695,134.75999450683594,97.84219314030238,3.7452289036342075,103.05500030517578,98.77850036621093,94.39519958496093,20.52498140394039,6.200336492124969,-14.324644911815422,0.8034310494948738,1.0611362604680286,0.15004731483952816,12.02706338676438,11.6309355849054,7,-4.394643673679221,False,106.05500030517578,-2.370428991390927,7.366481483306586,2.2512524652830157,WAIT,5R+
59,BE,296.07501220703125,274.84225006103514,282.3399963378906,19.691948118132924,78,78.0,302.35400390625,-2.076702017534937,2.2248422013961218,374.86400604248047,447.37400817871094,269.7629275185721,20.31729016985212,281.1095001220703,274.84225006103514,240.34890075683595,9.446201056289327,5.2377568771318606,-4.208444179157467,0.8985049771668381,0.8186956128840379,0.34665399174861683,23.981823028450265,12.770113114558157,12,-5.3947225718633085,False,296.2550048828125,-2.017171575253418,7.790925455246467,4.928458144580072,WAIT,5R+
60,SPSC,80.91999816894531,81.29500045776368,80.66000366210938,34.25225133247032,77,83.5,89.44000244140625,-9.525943693978034,1.7419683441843792,104.82500457763672,120.21000671386719,80.60803819383894,2.7478490556989397,81.88100051879883,81.29500045776368,79.18780029296875,29.957808589711775,-2.5174888000410567,-32.47529738975283,0.8138848572689572,0.7128936233674925,0.36101846256527736,17.201477768641006,7.06979003903212,8,-4.607576581809914,False,80.91999816894531,-9.525943693978034,-0.4612857945836324,0.32233386440827516,WAIT,5R+
61,ESTC,95.68499755859375,88.97875061035157,92.0,51.012552308235804,77,81.0,108.0,-11.402780038339122,1.3048143757670112,133.9699993133545,159.93999862670898,88.09678633553642,3.527857099260603,91.59650039672852,88.97875061035157,84.06650024414063,52.2768076380816,5.415931712479627,-46.860875925601974,0.8358014413637326,0.6251429602476687,0.23100181834804603,24.046295660513415,9.461565472355504,8,-7.296227127278831,False,95.69499969482422,-11.393518801088687,7.548149460857112,4.016304016113281,WAIT,5R+
62,AXTI,85.57499694824219,69.5999984741211,80.70999908447266,36.03638246833012,77,63.5,97.79000091552734,-12.491056194831906,1.0238278513342183,128.32000160217285,158.85000228881836,67.97053405216762,6.517857687813895,79.69950103759766,73.49675064086914,69.77409996032715,35.35448356928579,8.177510618086092,-27.176972951199698,0.8132027485838151,0.6110514678450272,0.40331144568224214,31.219961551097477,40.080614057941276,11,-12.923810573769979,False,85.5999984741211,-12.465489648513428,22.988506251116036,6.058728094557986,WAIT,5R+
63,SITM,708.7899780273438,632.6009979248047,698.1099853515625,32.192002611051,77,63.5,762.6500244140625,-7.062223124964683,1.0937654915078516,914.4700317382812,1066.2900390625,623.8451265607562,35.023485456194194,668.1669982910156,632.6009979248047,617.1836999511719,8.804925642001638,10.01573011098551,1.2108044689838717,0.7891905724906323,0.7629390688580036,0.26030011929428015,19.90690388305707,20.654033535197456,7,-4.135777528903384,True,708.7899780273438,-7.062223124964683,12.043765399117401,1.5298438498058342,WAIT,5R+
64,SNOW,337.2650146484375,334.2682510375977,336.42790322688285,37.03205920213771,77,63.5,384.55999755859375,-12.29846661389946,1.2258944616307,450.0449981689453,515.5299987792969,331.1418586730957,12.505569458007812,336.20249938964844,334.2682510375977,326.4010992431641,22.081182100807737,-1.629651078407024,-23.71083317921476,0.7916417158662323,0.719865879327587,0.4363806039613117,17.02855237832528,4.213878533844806,10,-5.930060807582949,False,337.2200012207031,-12.310171790730163,0.8830483224006258,0.23544360804284015,BUY SUPPORT,5R+
65,PTC,193.2550048828125,133.6699981689453,180.52815945685438,52.90492430234045,77,63.0,196.0500030517578,-1.4256557640590417,0.653571307810342,238.11000442504883,280.17000579833984,131.69589069911413,7.896429879324777,150.94949951171876,142.20274963378907,145.10509994506836,50.63181941064976,36.2090919642118,-14.42272744643796,0.7932873359541421,2.78659666859449,1.088518813359239,21.453711154591026,9.073953204642038,9,-4.79344445876616,False,193.2550048828125,-1.4256557640590417,44.57620074069111,7.049784069282428,WAIT,5R+
66,DOCS,28.420000076293945,25.329999923706055,28.010000228881836,90.901212490272,77,61.0,40.0,-28.949999809265137,0.6732675875388803,50.0600004196167,60.1200008392334,25.057946341378347,1.088214329310826,27.34500026702881,26.60500011444092,25.390199966430664,24.042287440023593,5.374630491065835,-18.667656948957756,0.9147635483281216,0.5261318011254851,0.2768854108182778,25.150001049041748,10.954938239043365,11,-5.625932266383549,False,28.420000076293945,-28.949999809265137,12.198974188294386,1.4637623850832782,WAIT,5R+
67,APH,89.2249984741211,82.5097499847412,85.72000122070312,24.36559089867463,76,86.5,88.16500091552734,1.202288377005023,1.5949134793163149,98.2125015258789,108.26000213623047,81.86528576442173,2.577856881277902,85.17449951171875,82.5097499847412,81.65940002441407,5.800158141581391,5.877434846331786,0.07727670475039528,0.5734749232861176,0.8707006897821912,0.2978400640078093,11.396246249663488,9.526275442464872,6,-1.169942638892263,False,89.2300033569336,1.2079650999228697,8.144799097603839,4.0947294519901645,BUY BREAKOUT,5R+
68,FFIV,466.9649963378906,436.9242477416992,448.7624969482422,23.27034254454173,76,86.5,462.0,1.0746745320109552,1.849112348062078,514.5350036621094,567.0700073242188,433.5890688214983,13.340715680803571,448.7624969482422,436.9242477416992,413.9159002685547,4.424430633193044,1.1775477094812414,-3.2468829237118024,0.8601342122615787,0.7823353881742318,0.23561377800533181,11.371212913876484,16.351827999976187,10,-5.382391330646019,False,466.92999267578125,1.067097981770826,6.867493642014755,4.048354274495991,BUY BREAKOUT,5R+
69,SAIL,20.364999771118164,20.091250038146974,19.889999389648438,23.65254430238495,76,83.5,22.28499984741211,-8.615661159705635,1.7730097712344093,26.667499542236328,31.049999237060547,19.81321443149022,1.1121424266270228,20.7435001373291,20.091250038146974,19.093300018310547,27.792460824357157,-6.533056520189573,-34.32551734454673,0.8321260180060397,1.285469375186611,0.42302162784116426,19.665693178513276,28.30627107252406,8,-10.623871122561713,False,20.3700008392334,-8.593219750015368,1.3874238813272655,2.4132803635719124,WAIT FOR SUPPORT,5R+
70,TWLO,283.67999267578125,267.8040000915527,,23.87479407625933,76,83.5,305.95001220703125,-7.27897324487774,1.5168979686010005,370.32750701904297,434.7050018310547,263.509784752982,17.176861354282924,291.68199768066404,267.8040000915527,241.1565997314453,24.652214400619997,-2.128937654330476,-26.78115205495047,0.7911381344268074,2.805398947493355,0.41898120469429373,21.041834366212917,31.805584173008562,8,-11.43296047084612,False,283.4501037597656,-7.354112616292463,5.842371160574178,,WAIT,5R+
71,FORM,143.3249969482422,126.06774940490723,139.54249877929686,33.55617598247777,76,81.0,151.17999267578125,-5.195790519969656,1.280203449817316,185.59999084472656,220.01998901367188,124.29364256177631,7.096427372523716,139.54249877929686,126.06774940490723,117.04850021362304,21.45309645487512,11.91077135078551,-9.54232510408961,0.7922904595548093,2.038289504282202,0.2444447332240014,22.767561738650176,42.444188125642924,4,-4.105555544200512,False,143.1199951171875,-5.331391684797293,13.526255360926198,2.563732460853285,WAIT,5R+
72,NICE,115.79499816894531,109.38275032043457,114.95964046025819,28.36985566678728,76,63.5,128.50999450683594,-9.894169233050798,1.0340384860945895,149.75999069213867,171.0099868774414,107.95950584411621,5.6929779052734375,113.34049911499024,109.38275032043457,105.1356997680664,12.637094976674867,-3.93942263915944,-16.576517615834305,0.7383391776363586,1.0105759285378466,0.2761934877360909,16.535675895754842,20.654834568440773,10,-10.677146974102437,False,115.80999755859375,-9.8824974640915,5.875923963632923,0.7397005548477997,WAIT,5R+
73,TSM,483.489990234375,446.1895004272461,467.0433274436878,39.1934561253402,75,77.0,487.4700012207031,-0.8164627518332468,1.3100020031100246,544.8450012207031,602.2200012207031,443.6723582676479,10.068568638392858,461.5609985351563,446.1895004272461,428.2314007568359,3.657669450727763,5.136614760958413,1.4789453102306505,0.8275862006553414,0.7923265452561663,0.439328772878239,11.769955044684544,10.438671284932033,5,-0.761590354911934,False,483.6099853515625,-0.7918468540575874,8.386679849813717,3.547135123105294,WAIT,5R+
74,IOT,42.44499969482422,39.64675006866455,40.29999923706055,29.145225229297584,75,63.5,45.119998931884766,-5.928633201208289,1.1577188910786496,51.9449987411499,58.76999855041504,39.224785627637594,1.6878577641078405,39.63850021362305,39.64675006866455,39.422100143432615,9.493314105470585,9.10812361135891,-0.3851904941116757,0.7802682329745138,0.74896722858486,0.23452836093649987,15.126329722588139,3.0484578853159805,12,-7.964596136401236,False,42.5,-5.806735358837301,7.196680500656116,5.459059068458472,WAIT,5R+
75,WBD,30.950000762939453,30.68000030517578,30.938651360118964,34.69802447315127,75,63.5,30.969999313354492,-0.0645739452968419,7.531415605816705,33.839999198913574,36.709999084472656,30.588928869792394,0.3642857415335519,30.883000373840332,29.607000255584715,28.32760009765625,11.505743204398122,-1.343179284568019,-12.848922488966142,0.6061716235447431,3.983539609113724,8.576814977431926,9.267032448145773,11.151080814912673,5,-0.3559828620093741,False,30.95,-0.0645764087759293,0.8800511477787376,0.036681107230363,BUY SUPPORT,5R+
76,TSEM,260.92999267578125,225.4128012084961,,29.05716274979116,75,53.5,277.8800048828125,-6.099759575785024,0.8305905868439792,324.2850036621094,370.69000244140625,222.0101220376151,13.610716683523995,235.88099822998046,224.83400039672853,225.4128012084961,13.424871116309255,8.448316773738584,-4.976554342570671,0.7600107160158563,0.8285106775848936,0.6756146302226708,16.699653794401925,23.801803398577583,10,-8.20759820753565,False,260.92999267578125,-6.099759575785024,15.75651040085937,,WAIT,5R+
77,TENB,38.77000045776367,35.53200016021729,36.169000244140626,28.453270647357986,74,91.5,40.189998626708984,-3.5332127829475146,1.583475888668867,48.27499771118164,56.3599967956543,35.08414312090193,1.7914281572614397,36.169000244140626,35.53200016021729,35.38840015411377,-8.90841949570852,6.134159828491392,15.042579324199913,0.8528647642402509,0.6070554342985635,0.2495734445322875,20.116942922958025,20.32546930530703,9,-10.322931026840077,False,38.77000045776367,-3.5332127829475146,9.112913100714625,7.191241660168379,WAIT,5R+
78,COIN,188.13999938964844,186.4995002746582,184.2899932861328,21.273926878200555,74,81.0,208.3300018310547,-9.691356148395435,1.4136029149904836,242.94000244140625,277.5500030517578,183.8464638846261,10.612145560128349,190.93200073242187,186.4995002746582,173.84799987792968,11.07390487589659,-8.26079725947071,-19.3347021353673,0.4987033194371133,0.7106386687493101,0.303422064287539,16.613065956010775,21.09295080280933,8,-9.236488396741061,False,188.0449981689453,-9.736957463553185,0.8286874184708637,2.037552238108997,BUY SUPPORT,5R+
79,NTSK,19.915000915527344,17.448750019073486,,27.96848989861621,74,76.0,18.959999084472656,5.036929731904838,2.828226419694062,23.88499927520752,28.809999465942383,17.218625000544957,0.9205000741141183,18.13050022125244,17.448750019073486,15.537300033569336,60.086321017505995,5.528302679225505,-54.55801833828049,0.8932996984490077,0.9390202898348486,0.7514191402298949,25.9757406569086,31.99426235581233,11,-8.35325424263279,False,19.905000686645508,4.984185906141536,14.07694341936847,,BUY BREAKOUT,5R+
80,MANH,205.16000366210938,206.5240005493164,204.56299896240233,43.694939177282684,73,83.5,227.02999877929688,-9.633086039192563,1.8528474394558683,267.61499786376953,308.1999969482422,205.12587530953545,5.592500959123884,204.56299896240233,206.5240005493164,204.7492010498047,25.563595156941442,-2.762155666456434,-28.325750823397875,0.8105524740372493,0.5069767548510992,0.10895831685517678,17.876491786412174,4.7765330689746754,12,-6.932754751089298,False,204.80999755859375,-9.7872533762835,-0.8299292024964267,0.12074451266566033,WAIT,5R+
81,U,44.650001525878906,42.59250011444092,43.43000030517578,29.44088426711662,72,83.5,48.459999084472656,-7.862149464659263,1.6074088894657994,58.77499866485596,69.08999824523926,42.0428393636431,2.198643003191267,42.513000106811525,42.59250011444092,41.95120021820068,44.575615884456376,1.74206185226089,-42.83355403219549,0.5592057952050201,1.102014926785102,0.26280571950956777,21.28559590437216,4.825288314767029,9,-12.834467218255185,False,44.654998779296875,-7.851837344328305,4.842398683604565,2.8206273670578375,WAIT,5R+
82,VRNS,48.78499984741211,47.32625026702881,47.69900016784668,15.70835622621755,72,71.0,48.790000915527344,-0.010250190656668767,2.793477899040703,54.08000183105469,59.37000274658203,46.89630384445191,1.7197856903076172,47.69900016784668,47.32625026702881,44.74069992065429,1.2569006752430223,1.3311453355626002,0.07424466031957788,0.8733170538025781,0.6655737687447464,0.34767801492809886,10.842387407793241,7.39140730966017,11,-7.9145655850787255,False,48.79999923706055,0.020492562708729345,3.114020151007968,2.3082225315826266,BUY BREAKOUT,5R+
83,TEL,221.8699951171875,211.38599853515626,217.47000122070312,19.793979037243105,72,68.5,222.5399932861328,-0.3010686569419718,1.3220624471563578,239.1399917602539,255.739990234375,209.9838553292411,5.608572823660714,216.3949981689453,211.38599853515626,209.8718002319336,6.074699218855217,2.099913103949591,-3.9747861149056263,0.8099701238165091,0.6775789287774782,0.26074299671823203,7.459332692967902,8.524475387266971,7,-4.565623264896468,False,221.90499877929688,-0.28533950121023555,4.976204818216079,2.039360616958308,WAIT,5R+
84,JOYY,80.44999694824219,78.9474998474121,80.17299880981446,20.178166026394898,72,64.5,81.26000213623047,-0.9968067520233714,2.353046311645539,87.72500228881836,94.19000244140625,78.51249983651297,1.7400000435965401,80.17299880981446,78.9474998474121,76.08579986572266,7.484853075094233,-2.570488515926328,-10.05534159102056,0.8927689232393752,0.9498702505007112,0.1865389234341224,7.955943862454573,9.957948797249895,10,-4.750161577485745,False,80.41000366210938,-1.0460231993300817,1.8525017480274464,0.29561679844001265,WAIT FOR SUPPORT,5R+
85,MXL,108.43499755859375,79.69000244140625,,30.778222185306404,72,54.5,108.33000183105469,0.09692211369367598,0.8929830031583813,135.5250015258789,162.72000122070312,77.87589509146554,7.256429399762835,94.84749908447266,84.74174995422364,74.19609985351562,19.028104829567248,22.19473376998018,3.166628940412931,0.544608357743001,1.1582217748248698,0.38630531800682666,25.10384864318196,44.83715853043191,7,-8.333333333333337,False,108.43499755859375,0.09692211369367598,36.071017990397046,,BUY BREAKOUT,5R+
86,FIVN,33.224998474121094,34.16274995803833,,27.936287633426815,71,83.5,40.0,-16.937503814697262,1.5053468523371023,49.61999988555908,59.239999771118164,33.609446307591035,2.213214601789202,35.04949951171875,34.16274995803833,32.74130012512207,30.307544551344012,-15.8664270892381,-46.17397164058211,0.7267831100128075,0.7415647145954724,0.23186438489381364,24.049999713897698,27.768600085550112,10,-14.333766356562549,False,33.22999954223633,-16.92500114440918,-2.730314207573137,,WAIT,5R+
87,CLS,381.0199890136719,351.7269973754883,375.4100036621094,21.624758839804937,70,89.0,393.7200012207031,-3.2256456790754062,1.2837299928169659,453.6800079345703,513.6400146484375,347.01235471452986,18.858570643833705,370.9389984130859,351.7269973754883,333.0027978515625,-1.3640559735065283,5.170839840516472,6.534895814023001,0.5656687718330318,0.7978295336534519,0.23018331807714387,15.229098478097413,18.185273800366474,8,-6.435380849672256,True,380.70001220703125,-3.3069158217271744,8.237358817416185,1.4091282846269593,BUY CONTINUATION,5R+
88,QRVO,114.16999816894531,114.63250007629395,113.4749984741211,28.0714854211279,70,76.0,121.08999633789062,-5.714756278987476,2.6843704047771317,140.93999481201172,160.7899932861328,113.69533931187222,3.748643057686942,116.04199981689453,114.63250007629395,103.20279998779297,27.12670270315627,-4.423833394501142,-31.55053609765741,0.8590762243201588,1.8877028505439737,0.0,16.392764947098915,19.057586577251186,12,-6.936658662324769,False,114.17,-5.714754766843832,-0.4034633075141292,0.6124710599026084,WAIT,5R+
89,HNGE,98.37750244140625,94.21787490844727,96.56109909058615,21.840042268857747,70,72.0,99.80500030517578,-1.430286918896495,2.225372802516422,114.28295135498047,128.76090240478516,93.2991460800171,3.674915313720703,95.7067497253418,94.21787490844727,89.45955001831055,4.175186463049552,2.659978914101657,-1.5152075489478944,0.8776705030139796,0.8362312755680648,0.22419694798077733,14.50623816996659,7.878997229338625,7,-4.23773471245198,False,98.33999633789062,-1.467866302094667,4.375094888787157,1.8422504135289897,WAIT,5R+
90,FSLY,25.489999771118164,25.21349983215332,25.270000457763672,18.629608110778005,70,53.5,31.329999923706055,-18.64028141337152,0.9147746760553982,37.52999973297119,43.72999954223633,24.552374819346838,2.644500051225935,26.105999755859376,25.21349983215332,24.51360008239746,22.14283983868175,-4.092467768141694,-26.235307606823444,0.7038518862506067,1.3292068427517942,0.1852925995341401,19.789338730811366,33.17144183142522,11,-12.326765686951225,False,25.469999313354492,-18.704119452989698,1.0173101033521315,0.7914477719345392,WAIT FOR SUPPORT,5R+
91,SNPS,505.0,419.89400177001954,482.1600036621094,32.46570721224117,70,49.5,508.3800048828125,-0.6648579508141017,0.78019485037461,581.2950134277344,654.2100219726562,414.9225711277553,19.88572256905692,450.5279998779297,419.89400177001954,412.22760131835935,9.239713360539326,21.569277899220275,12.329564538680948,0.5026058070237925,1.5203604559590098,0.3907969021118118,14.342619269955282,15.790045045172164,7,-5.268231557422876,False,503.7650146484375,-0.9077835851232563,19.97432983678462,4.480879961471995,WAIT,5R+
92,NBIS,251.74000549316406,230.21625061035155,239.5011564746395,29.60051284376218,69,63.5,280.8299865722656,-10.35857368159503,1.2364363563792922,348.34497833251953,415.85997009277344,226.22548435756138,15.963065011160714,237.1935012817383,230.21625061035155,221.0247003173828,9.302050375681237,4.785087659284248,-4.516962716396988,0.8385528492936799,0.639277326387456,0.8483413664370243,24.04123312624964,17.413319892275325,8,-6.201737764782889,False,251.7899932861328,-10.34077366188243,9.371077245235625,5.131013558506381,WAIT,5R+
93,AEHR,99.30000305175781,92.37999725341797,98.33000183105469,49.08237618258721,69,61.0,147.39999389648438,-32.63228822011084,0.7333420824750031,189.19499015808105,230.98998641967773,90.40749713352749,7.890000479561942,101.05899963378906,96.27099990844727,97.18359970092773,39.280191124806606,-3.122439227937601,-42.40263035274421,0.7508678237531289,0.7891432162849294,0.7429121679122688,28.354815462847547,27.96028076320878,7,-9.72315507732957,False,99.19999694824219,-32.700134968860276,7.382550224715323,0.8847707728941945,WAIT,5R+
94,LFUS,453.92999267578125,427.74140075683596,447.5,30.62777419115181,69,55.5,476.29998779296875,-4.696618872665381,0.9373235406367715,524.7849884033203,573.2699890136719,424.5729175676619,12.673932756696429,435.1949981689453,422.28550109863284,427.74140075683596,6.055803231883705,6.537351316537543,0.4815480846538378,0.5029296294503609,0.5821566571813689,0.3496159129063438,10.179509102029694,8.479284922888496,7,-1.9477228100658661,False,454.32000732421875,-4.614734627770756,6.213709152388613,1.5240239830656366,WAIT,5R+
95,ALAB,385.239990234375,342.0,361.1178663507958,19.877722715715024,68,92.5,377.8699951171875,1.9504049573721538,1.8873582823355028,456.43494415283203,534.9998931884766,336.2430556161063,23.027777535574778,360.5039978027344,328.05499801635744,312.1293994140625,-9.000283685786526,4.162208884291507,13.162492570078033,0.7392112225820727,0.8257230950343836,1.045659282254238,20.791528846125896,44.38109004939499,7,-6.2037176841927,False,386.0,2.151534916206077,12.865497076023402,6.890308114811816,BUY BREAKOUT,5R+
96,EMR,163.69000244140625,155.22200103759766,160.24000549316406,29.881175546044616,68,69.5,166.35000610351562,-1.5990403153060995,1.3610802192966833,182.75000762939453,199.15000915527344,154.30075192042762,3.6849964686802457,158.68900146484376,154.10750045776368,155.22200103759766,12.951159403009216,4.331032316375882,-8.620127086633333,0.5608623105511296,0.9746648885413502,0.3286452804809866,9.858732145566362,9.298496460490435,6,-3.9462910535284945,False,163.58999633789062,-1.659158199193278,5.390985327051712,2.09060829373815,WAIT,5R+
97,CRM,227.07000732421875,238.55900039672852,,44.03611776163127,67,83.5,268.2699890136719,-15.357655860400188,1.7859124179787227,324.8299865722656,381.3899841308594,236.59990430559432,7.836384364536831,232.02100219726563,238.55900039672852,222.45360015869142,29.327052352709714,-4.492230625817372,-33.819282978527085,0.7907177187054011,0.6318689233462205,0.16507531183659346,21.08323699066885,-1.5903598570351951,4,-1.0889924294288478,False,226.89999389648438,-15.421029862225533,-4.887263310482936,,WAIT,5R+
98,HPQ,32.1150016784668,32.54875011444092,31.57849998474121,31.71642696593146,67,83.5,36.22999954223633,-11.357984862716696,1.6205266772598386,42.714999198913574,49.19999885559082,32.22821435247149,1.2821430478777205,31.57849998474121,32.54875011444092,30.807500038146973,28.06463248757909,-1.5961124662729587,-29.66074495385205,0.8040081656994768,0.7117315887067877,0.23891666834397707,17.899530054139646,10.362532697077231,12,-11.046514464688217,False,32.099998474121094,-11.399395860605932,-1.378706213731784,1.6514352791673792,WAIT,5R+
99,TEM,74.19000244140625,74.8875,,24.386721271253347,67,83.5,89.08999633789062,-16.724654292243248,1.5314802406977863,113.2499942779541,137.40999221801758,73.31441053662982,6.292357853480747,80.4270004272461,74.8875,64.0122003173828,22.55843399533608,-5.7167109119963815,-28.27514490733246,0.7993224662381962,1.0037289287482745,1.2509767174564934,27.118642870330945,44.06033647557259,7,-12.91613113870752,False,74.16000366210938,-16.758326736434515,-0.9714522956309479,,WAIT,5R+
100,WDAY,188.02999877929688,189.68550033569335,184.0800018310547,48.28939955039347,67,81.0,227.49000549316406,-17.345819931000417,1.2665691287506486,277.6800079345703,327.87001037597656,187.86326795305524,7.288929530552456,189.09300231933594,189.68550033569335,187.76919952392578,29.386368757347658,-1.9364486072821818,-31.322817364629838,0.7697508478300767,0.39731847310844626,0.3326636071705403,22.0625087825735,4.743637664387101,12,-6.396035595394234,False,188.02999877929688,-17.345819931000417,-0.8727612566414744,2.145804492042225,WAIT,5R+
101,ETN,444.95001220703125,425.46599731445315,436.40700073242186,34.95344799904054,67,57.5,478.0,-6.914223387650365,1.075034779019013,537.9349975585938,597.8699951171875,422.2483176095145,12.870718819754464,436.40700073242186,425.46599731445315,423.42620056152344,4.374166486395459,-1.2742474927298408,-5.6484139791253,0.7895765296328539,0.7397098658058712,0.2305920722288906,12.538702418115854,12.765034943171894,10,-4.404617203668648,False,444.6650085449219,-6.973847584744375,4.51246664872238,1.8922720759842582,WAIT,5R+
102,GWRE,166.2050018310547,139.0500030517578,,62.953496496014075,66,61.0,207.49000549316406,-19.897345688522595,0.5441772886550055,245.6550064086914,283.82000732421875,137.35661016191756,6.7735715593610495,151.6634994506836,148.88024978637696,165.85129943847656,15.457805406361791,8.634374352399664,-6.823431053962127,0.7611155218386705,0.8254481045515231,0.2508469294784296,18.393657479942927,9.136985785112595,9,-9.052257435503442,False,166.2050018310547,-19.897345688522595,19.528945115656793,,WAIT,5R+
103,BSY,35.61000061035156,34.38380012512207,,27.490352965842334,66,57.5,38.43000030517578,-7.3380163217027565,1.0311450458246558,42.92250061035156,47.415000915527344,34.073192964281354,1.2424286433628626,32.57600040435791,32.11150016784668,34.38380012512207,5.526018380996955,9.940047357809068,4.414028976812112,0.7653383997065405,0.8251169324544094,0.2312195173115449,11.690086571689996,5.650635925568204,9,-7.212715532719194,False,35.66999816894531,-7.1818946508276476,3.740709401354092,,WAIT,5R+
104,GEV,1044.93505859375,965.51390625,976.0389744847241,32.596658031122175,66,55.5,1099.6600341796875,-4.976535827889816,0.9573517966185797,1236.030029296875,1372.4000244140625,957.2150149100167,33.195565359933035,973.8325073242188,950.7482543945313,965.51390625,-9.418622708540159,8.130553949083197,17.549176657623356,0.7925781580416794,0.7867911020934106,0.6404367942192812,12.40110496685598,9.473454912438317,7,-1.6321548826913723,False,1043.719970703125,-5.087032513488776,8.099941797511011,6.934251396480495,WAIT,5R+
105,NOK,10.805000305175781,10.461250066757202,10.497257561190573,23.828045377060445,65,84.0,11.170000076293945,-3.2676792177719127,2.255691893724693,13.010000228881836,14.850000381469727,10.354285768100194,0.42785719462803434,10.404500102996826,10.461250066757202,10.123900051116943,-16.56741920596567,-1.9688237634116423,14.598595442554029,0.8741745761670517,0.7341390443050162,0.5924820823057071,16.47269597153287,13.36787578080234,11,-9.049358401195462,False,10.8100004196167,-3.222915436153595,3.3337349803703065,2.9792815561882513,WAIT,5R+
106,CVLT,156.0998992919922,145.23299560546874,149.71998901367186,22.025510981278806,65,79.0,154.35000610351562,1.1337176023841433,2.121709464451489,176.72750854492188,199.10501098632812,143.8030849456787,5.719642639160156,149.71998901367186,145.23299560546874,138.5049984741211,-0.7376020730583743,4.788131692953779,5.525733766012153,0.8865783509061165,0.9401940661338555,0.21940309634452423,14.49789540429216,15.322512150016877,8,-5.933329264322918,False,156.0998992919922,1.1337176023841433,7.482393130582965,4.261228123479044,BUY BREAKOUT,5R+
107,SKHY,187.4550018310547,187.4057502746582,186.72999572753906,26.40223484747124,65,76.0,199.8699951171875,-6.211534292004995,2.6142226396927546,237.40499114990234,274.9399871826172,185.51199994768416,7.575001307896206,189.10649871826172,187.4057502746582,168.25029983520508,,-5.8814812035796855,-5.8814812035796855,0.871445449983418,0.533838495577453,0.46885017272247825,18.779705283280457,14.552791049668246,12,-4.368001302083336,False,187.4149932861328,-6.231551576189354,0.004932085307451928,0.36683852314398635,BUY SUPPORT,5R+
108,DUOL,148.4250030517578,145.51825027465821,144.2925003051758,31.344696325690656,65,63.5,167.3800048828125,-11.324531770880053,1.180750946518405,195.05950546264648,222.73900604248047,143.9377195630755,6.322122846330915,144.2925003051758,145.51825027465821,143.26910095214845,9.362056860147817,-1.346143141668299,-10.708200001816117,0.7918648292761784,0.7136733122438569,0.19919173611969263,16.536921837953813,7.311111946401816,11,-10.534068856945943,False,148.42750549316406,-11.323036704962231,1.9992373554621246,2.86571040022372,WAIT FOR SUPPORT,5R+
109,DDOG,276.9649963378906,250.62325286865234,274.57501220703125,30.61521047148274,65,53.5,292.7200012207031,-5.382278223937842,0.9957015523056574,337.45999908447266,382.1999969482422,247.7868606022426,11.345569065638951,269.4710037231445,250.62325286865234,245.7553012084961,-0.9055543284162804,10.086153709595003,10.991708038011282,0.8099292296014966,0.6401825813302527,0.20977445418393806,15.28422987059117,21.210612876855905,7,-4.7104034061135724,True,277.0,-5.3703201541225205,10.524461249879025,0.8831786161008326,WAIT,5R+
110,NIQ,17.299999237060547,17.76299982070923,16.875,46.34289471999192,64,76.0,19.690000534057617,-12.138147446279168,2.283850690814096,24.41900062561035,29.148000717163086,17.619374765668596,0.5745002201625279,17.41699962615967,17.76299982070923,16.72099992752075,51.14944921066269,-5.505029537664619,-56.65447874832731,0.8480686387182291,0.8040147311226228,0.2338247620539736,24.017267462095937,4.192633354741027,11,-9.951060274293134,False,17.31999969482422,-12.036570720930296,-2.493948828218373,2.6370352285879584,WAIT,5R+
111,SWKS,81.21499633789062,86.27874946594238,,23.147759537682223,64,76.0,92.80000305175781,-12.483843031132036,2.455263379316988,111.48500442504883,130.17000579833984,85.18982097080776,4.355713980538504,86.30249938964843,86.27874946594238,75.05910003662109,31.866951859182848,-11.551187495223036,-43.41813935440588,0.8171847620026217,1.065874891684453,0.538387320197604,20.134699093565466,24.139863127595063,12,-9.83551503698099,False,81.19000244140625,-12.510776108354504,-5.89803057651509,,WAIT,5R+
112,VOD,16.540000915527344,16.884500122070314,16.505000114440918,26.532430019985476,64,67.5,17.709999084472656,-6.606427043641771,1.4720024207145925,19.04499864578247,20.379998207092285,16.80307152611869,0.32571438380650114,16.505000114440918,16.884500122070314,16.413999958038332,19.37016922066517,-2.311544528208831,-21.681713748874,0.7171046687139088,0.8892546281850382,0.5501736441484301,7.538111972463524,2.231609414571656,12,-4.7197705510335535,False,16.540000915527344,-6.606427043641771,-2.040328135581959,0.21206180456674328,WAIT,5R+
113,STM,58.790000915527344,52.19650020599365,55.2599983215332,42.97079847328789,63,85.0,57.709999084472656,1.871429298541205,2.0371196995931142,69.7750015258789,81.84000396728516,51.78742004122053,1.6363206590924944,54.25400047302246,52.19650020599365,52.04240005493164,-21.21110297011708,8.24282482452352,29.4539277946406,0.6298141595435738,1.0857432033197982,0.4587437793023952,20.906259977142216,11.78317541220768,10,-5.017787517004901,False,58.90999984741211,2.0793636838963625,12.86197276622687,6.605142303192224,BUY BREAKOUT,5R+
114,SIMO,289.9150085449219,270.6222526550293,279.0195037841797,23.448224157621578,62,77.0,291.1600036621094,-0.4275982626488428,2.374090829336962,347.7250061035156,404.2900085449219,267.334039742606,13.15285164969308,279.0195037841797,270.6222526550293,257.42529937744143,-14.44991883657989,0.5192338678514874,14.969152704431377,0.8660037810936598,0.4650719416309791,0.46986212765957447,19.427463157697254,19.61488648533014,10,-6.446377581054841,False,289.9750061035156,-0.4069918751508639,7.151205511970926,3.926428859184683,WAIT,5R+
115,TXN,297.4195861816406,273.6274810791016,288.20001220703125,30.181627732553764,62,76.0,297.05999755859375,0.12104915707338293,1.2640915247904847,329.0,360.94000244140625,271.79283785138813,7.338572910853794,282.8859558105469,273.6274810791016,271.20619201660156,-8.280278036925292,7.75293609133092,16.033214128256212,0.833624894300661,0.6222437218278501,0.18170837179590377,10.752037535820103,9.122951288680149,5,-1.2780027946730055,False,297.510009765625,0.15148865910243892,8.728117728649964,3.2303945746906537,BUY BREAKOUT,5R+
116,PCTY,147.19500732421875,147.25660095214843,144.48500061035156,36.937525083092275,62,75.0,161.92999267578125,-9.09960230842789,1.3812515268301064,183.55498886108398,205.17998504638672,146.27390414646692,3.9307872227260043,144.3705032348633,144.64625244140626,147.25660095214843,20.77652114628661,-0.811049243886397,-21.587570390173006,0.7809748907405671,0.8368999448256252,0.18740482907705272,13.3545341588452,2.8589601489902305,10,-4.316799296614993,False,147.19500732421875,-9.09960230842789,-0.04182741386900002,1.875631866573868,WAIT,5R+
117,FROG,98.20500183105469,92.66975021362305,95.45999908447266,25.96553960212775,62,63.5,105.76000213623047,-7.143532670738894,1.1803294276656857,122.57000350952148,139.3800048828125,91.51821422576904,4.606143951416016,94.10849990844727,92.66975021362305,90.43260009765625,-1.081596993357814,7.347129235668448,8.428726229026262,0.8073830348068911,0.6413658420977424,0.27309553661369174,15.894479040987441,8.05230169590816,8,-9.739910530362806,False,98.26000213623047,-7.091527844656409,6.032445225891658,2.9331689488914403,WAIT,5R+
118,KLIC,98.18000030517578,88.66049995422364,97.66999816894531,36.662500667262755,62,63.5,104.27999877929688,-5.849634201695208,1.1908903007619878,124.02999877929688,143.77999877929688,87.69576764787946,3.858929225376674,94.38600006103516,88.66049995422364,88.04159957885742,-12.790306867420808,7.819120722116102,20.60942758953691,0.8035736393771051,0.7927436189608023,0.29495025881064446,18.939394161098754,18.949105383540466,5,-1.2057243577616172,True,98.16000366210938,-5.868810115869049,10.71447117125488,0.5016949957513894,WAIT,5R+
119,LRCX,333.0249938964844,307.961247253418,326.2904968261719,30.339135159910125,62,63.5,352.55999755859375,-5.5409019166624995,1.1159772365125178,405.93499755859375,459.30999755859375,304.7319610595703,12.917144775390625,326.2904968261719,307.961247253418,307.6898986816406,-7.023353881791516,5.265571686737935,12.288925568529452,0.7406851582395286,0.7958605332073023,0.33224760938482756,15.139267179944138,22.018347271956685,4,0.7731813192407344,True,333.0,-5.547991177116729,8.130488160407378,2.056297452451572,WAIT,5R+
120,SSNC,79.33499908447266,80.37629989624024,78.80877409790152,40.22281712473085,61,77.5,84.95999908447266,-6.620762783209622,1.899407078823474,94.32499694824219,103.68999481201172,80.02951421465193,1.3871427263532365,78.4875,79.30475006103515,80.37629989624024,14.284422495076754,-1.7355758067841842,-16.019998301860937,0.7686691056920526,0.6900372210992141,0.11808066069106539,11.02283187933919,1.8753210735830583,11,-4.477609957460437,False,79.29000091552734,-6.673726730279084,-1.3515165317577793,0.6106259399848213,WAIT,5R+
121,VICR,299.9150085449219,261.94000244140625,299.010009765625,29.661303206079566,61,63.5,331.0,-9.391236089147469,1.0696862021788633,410.2200012207031,489.44000244140625,256.94089644295826,19.996423993791854,292.89149780273436,248.63524856567383,223.3680990600586,6.980956682033135,9.9365958746513,2.9556391926181647,0.46436349547610234,1.0305717555939058,0.25051264596533485,23.933535111994896,59.03397855028223,9,-6.060179206165762,False,299.010009765625,-9.664649617635956,14.15209856406372,0.0,WAIT,5R+
122,EPAM,109.19999694824219,112.86449966430663,109.01199951171876,29.618958151044737,60,83.5,126.5,-13.675891740520008,1.5091590588572177,148.91500091552734,171.3300018310547,111.64735687800815,4.8685711451939175,109.01199951171876,112.86449966430663,109.60380004882812,20.005677001871682,-3.9281028753067604,-23.93377987717844,0.759090770333819,0.6724169981274176,0.13584002822828767,17.719368312669847,-0.45406624022800157,12,-8.482454534162553,False,109.19499969482422,-13.679842138478882,-3.2512437306651987,0.16787159571896026,WAIT,5R+
123,AAOI,128.83999633789062,93.62000274658203,,57.779242460296715,60,61.0,160.99000549316406,-19.97018948896091,0.6133846776175949,203.48000717163086,245.97000885009766,91.7186277934483,7.605499812534878,107.35599899291992,104.84149932861328,112.19760009765625,5.597174085971179,18.581014292941788,12.983840206970608,0.5224353769528973,0.7714458733373353,0.9901092990808421,26.392943803130066,13.481616274766562,11,-13.849264448284615,False,129.03570556640625,-19.848623415392485,37.82920506389027,,WAIT,5R+
124,LSCC,134.30499267578125,121.27589965820313,131.66000366210938,28.511602605698748,60,55.5,139.3699951171875,-3.6342129718433314,0.9337469604342707,157.44999313354492,175.52999114990234,120.00714973994664,5.074999673025949,127.70450057983399,120.24824981689453,121.27589965820313,-5.608269078768258,7.779689331853223,13.387958410621481,0.7567957172228377,0.9037719705839569,0.34067605497353315,12.972661727622992,20.43830268934006,7,-4.529482946918362,False,134.1999969482422,-3.7095489345451926,10.656772966816641,1.9292064525924024,WAIT,5R+
125,WIX,72.6500015258789,67.49500274658203,71.83999633789062,46.18830158854867,60,53.5,96.80000305175781,-24.94834789722702,0.8074578928620372,121.40500450134277,146.01000595092773,66.32782404763358,4.6687147957938055,73.34300003051757,76.40450019836426,74.67470008850097,45.128915664530766,-11.131067512656301,-56.25998317718707,0.7392633898587838,0.6150881391423261,0.22038523062279392,25.41838912590628,14.86523291685009,11,-19.196691328923087,False,72.6500015258789,-24.94834789722702,7.637600666010669,1.1275128469919737,WAIT,5R+
126,ADI,420.1000061035156,385.7,409.6499938964844,27.267505229280978,60,41.0,421.70001220703125,-0.37941808328193494,0.9649912268948353,459.03501892089844,496.3700256347656,383.0105343409947,10.757862636021205,401.275,385.7,377.38700012207033,2.0178026547190475,5.785657299743163,3.7678546450241157,0.5270858272501857,0.659966274494602,0.21217517170824562,8.853451655945843,10.203402378420169,5,-1.295767075056975,False,420.2699890136719,-0.33910911832207846,8.962921704348425,2.5924558221453564,WAIT,5R+
127,FPS,40.64500045776367,36.3472502708435,38.720001220703125,22.15932873452432,59,84.5,40.560001373291016,0.20956381063790275,1.7257574572096637,48.800002098083496,57.04000282287598,35.78528596333095,2.247857230050223,38.63250045776367,36.3472502708435,35.09370025634766,-17.241961228560744,3.6864174422312823,20.928378670792025,0.8721578230411755,0.898634598658466,0.30836654438311933,20.315582953156806,39.24581675280814,9,-10.957880214491578,False,40.584999084472656,0.06163143573783003,11.659063015912729,4.816626562429804,BUY BREAKOUT,5R+
128,GLW,167.6649932861328,156.34925003051757,158.44000244140625,31.56331221963059,59,83.5,176.94000244140625,-5.2418950080804105,1.7603870188519184,216.54500579833984,256.15000915527344,154.44210684640066,7.628572736467634,158.1074981689453,156.34925003051757,153.68669998168946,-15.878408151951861,3.163847926459651,19.042256078411512,0.854208673338006,0.5681428434011369,0.4837993703007973,22.383295360272637,11.227968443843794,10,-6.531409465284033,False,167.67999267578125,-5.233417903162662,7.247071951449757,5.831854387778179,WAIT,5R+
129,ROKU,151.93499755859375,153.6512481689453,151.0,36.34065852456097,59,75.5,159.88999938964844,-4.975296679855834,1.4077583305771224,169.2779998779297,178.66600036621094,153.22124077933174,1.720029558454241,152.55849914550782,153.6512481689453,153.58679870605468,2.1236802623149975,-3.331009193327905,-5.454689455642903,0.7066414672665712,0.6291070935378081,0.3138533318536889,5.871537009267791,0.9352570252805004,11,-2.689048860257548,False,151.87989807128906,-5.009757551401906,-1.1528380789387227,0.5827139544960724,WAIT,5R+
130,VSH,37.119998931884766,33.03599948883057,35.5,34.702957390042634,59,63.5,39.41999816894531,-5.834600060617112,1.0998200212389795,46.87999725341797,54.339996337890625,32.6370710168566,1.5957138878958566,34.0859992980957,33.03599948883057,32.78039981842041,-19.002898567943262,10.179457606914543,29.182356174857805,0.8154502761619573,0.8698143896556688,0.19095280889025273,18.92440241245259,7.5974032810112835,10,-6.155700198401092,False,37.1349983215332,-5.796549856798849,12.407673132724506,4.605629074741424,WAIT,5R+
131,GDDY,99.13999938964844,98.16399917602538,98.77214263512197,25.33837016514534,58,81.0,110.3499984741211,-10.158585627077821,1.38971990301838,128.9749984741211,147.5999984741211,96.94801728384834,4.863927568708148,97.06799926757813,98.16399917602538,96.84959930419922,7.112452042447059,-0.9140718861588182,-8.026523928605878,0.7461464321534789,1.233787500382267,0.1624483642729968,16.87811532173955,12.801463976368588,11,-12.341319766598923,False,99.17500305175781,-10.126865044754851,1.0299130885239594,0.407868459555516,WAIT FOR SUPPORT,5R+
132,ON,86.17749786376953,76.5703500366211,82.95999908447266,35.67697538973684,58,71.5,89.7699966430664,-4.001892518255268,1.0614397900111852,104.61499404907227,119.45999145507812,75.78427880423409,3.144284929547991,78.99974975585937,75.11687507629395,76.5703500366211,-15.102373363582,15.258796852428148,30.361170216010148,0.5635716443684198,1.0426139099030771,0.23437940381149633,16.536702641341193,15.915913989457465,7,-4.00258608813453,False,86.24500274658203,-3.926694918459306,12.63498561170724,3.959744091564499,WAIT,5R+
133,CAMT,155.89999389648438,148.4565002441406,155.89999389648438,30.51913439632145,58,47.5,178.02000427246094,-12.425575690989044,0.8273596944282832,203.9850082397461,229.95001220703125,146.63703487941197,7.277861458914621,152.68399963378906,148.4565002441406,147.93400024414063,4.331546619114168,1.169269773186965,-3.1622768459272033,0.7311765691089639,0.8605669757998134,0.37984569278836955,14.585441716732861,13.485818482284229,5,-1.6620916262181984,False,155.94000244140625,-12.403101506087532,5.040872029826127,0.0256629547711551,WAIT,5R+
134,CACI,607.407470703125,621.1938690185547,,43.69342029368602,57,83.5,683.3900146484375,-11.11847441675028,1.8620346241070316,807.1250152587891,930.8600158691406,616.9385110037667,17.021432059151785,615.916748046875,621.1938690185547,614.0839477539063,16.0259274998555,-2.7780626495082394,-18.803990149363738,0.7249494385981681,0.8460577871740663,0.6422719658900563,18.106059198714753,4.287718641848293,11,-4.773495695124918,False,606.3599853515625,-11.27175224187351,-2.3879636304892538,,WAIT,5R+
135,CDNS,360.8599853515625,319.5846014404297,341.760009765625,32.17891478565565,57,82.0,360.1499938964844,0.19713771126210755,1.2879314997252764,416.2649841308594,472.3799743652344,316.58013769967215,12.017854963030134,335.4700042724609,310.4025024414062,319.5846014404297,-10.514682170911637,17.285158699193737,27.799840870105374,0.8018766402510281,0.9948750545298907,0.17877545556466592,15.581005465879239,19.250993720592604,6,-3.887362024028085,False,360.010009765625,-0.038868286333948454,12.649360495778005,5.340004529059916,WAIT,5R+
136,AAPL,332.4100036621094,333.3505004882812,330.6099853515625,21.601909106193258,57,78.0,345.3399963378906,-3.7441341324189303,1.6676522338974653,368.00999450683594,390.67999267578125,331.7460360935756,6.417857578822544,334.41400146484375,333.3505004882812,322.32359985351565,-0.916721874052473,-3.9906082276103927,-3.0738863535579197,0.820111283905631,0.6750632330619928,0.2526524156208768,6.56454462539704,7.740852396013143,10,-4.1030176427980125,False,332.4200134277344,-3.74123560756483,-0.2791317424704287,0.5474813697012637,WAIT,5R+
137,SKM,36.54999923706055,36.34059978485107,36.220001220703125,45.59526610806382,57,57.5,41.0099983215332,-10.875394457479981,1.1719788025433064,46.74999713897705,52.4899959564209,36.11229982648577,0.9131998334612165,35.956999969482425,36.12799987792969,36.34059978485107,6.102036749606454,-1.2799887884574535,-7.382025538063908,0.7991247716241927,0.550798368469371,0.2761712557216177,13.996583887763613,2.6874138725491825,7,-4.7382849646173675,False,36.54999923706055,-10.875394457479981,0.5762135282554315,0.9110933330637172,BUY SUPPORT,5R+
138,RMBS,112.66000366210938,99.33999633789062,109.29999923706055,21.620564906201082,56,59.5,113.27999877929688,-0.5473120796862241,1.0967116826203596,130.12999725341797,146.97999572753906,97.91588919503349,5.696428571428571,106.74000244140625,97.39750137329102,94.1354005432129,-4.231360160776654,5.220359536201347,9.451719696978,0.4951780863846764,0.6719220628501643,0.13525625854131515,14.874645705946655,31.138677476708843,4,-1.1521200190348968,False,112.70999908447266,-0.5031777021244022,13.458831527540926,3.119853496079328,WAIT,5R+
139,ASML,1845.0250244140625,1733.10576171875,1837.5316162109375,31.479239511642007,56,52.0,1896.3499755859375,-2.7065126075167867,1.0494507978336078,2079.2049560546875,2262.0599365234375,1722.1112396240235,43.97808837890625,1800.9205078125,1733.10576171875,1727.4293017578125,-2.667567960738859,3.7264706861911856,6.394038646930045,0.7628038726588349,0.9143677450021381,0.5532041184059999,9.64247015703159,15.263153615551062,5,-2.3517362340584547,True,1844.02001953125,-2.7595094116801167,6.399739719433195,0.35310430923043423,WAIT,5R+
140,ECHO,98.58999633789062,92.75749969482422,92.92441703728217,21.14534856403435,56,52.0,99.55000305175781,-0.9643462425290572,1.2199822691915705,108.76000213623047,117.97000122070312,92.00071375710624,3.027143750871931,92.10299987792969,92.75749969482422,89.96079986572266,-4.58658356893209,1.4486601720465897,6.03524374097868,0.7862769685844027,0.9701861743201219,0.501780404302748,9.251631142275517,6.1915338192017,11,-8.022233092402564,False,98.59500122070312,-0.9593187360910083,6.2932933133002855,6.102361859473238,WAIT,5R+
141,PLXS,272.2200012207031,258.6099853515625,271.7250061035156,41.27794104485225,56,47.5,298.0,-8.651006301777475,0.8258849399961931,332.0,366.0,256.83203778948103,7.111790248325893,266.9439971923828,257.43099822998045,254.8666000366211,-4.605154684622703,1.5458005982859513,6.1509552829086545,0.8045954329613828,0.6925850451930978,0.2223975791433892,11.409395973154357,11.570874206498827,5,-2.7279936994785148,False,272.2200012207031,-8.651006301777475,5.262757294788423,0.18216767175227577,WAIT,5R+
142,SNX,278.2149963378906,267.41475143432615,273.1600036621094,19.474094709882262,56,47.5,298.7699890136719,-6.879871952212923,0.9036861977954738,330.0099868774414,361.24998474121094,264.20046926225933,12.857128688267299,268.78050231933594,267.41475143432615,260.046100769043,6.37697272608182,-3.607780172345876,-9.984752898427695,0.43477724601269685,2.053874375883358,0.14778294916943097,10.456203438271029,12.659474920656265,9,-15.582345196627367,False,278.2149963378906,-6.879871952212923,4.038761828072479,1.8505610660461524,WAIT,5R+
143,PENG,60.290000915527344,53.824500274658206,57.12942959708471,40.85618301110116,55,83.5,65.75,-8.304181117068676,1.550855002767085,85.44499969482422,105.13999938964844,53.05055378505162,3.0957859584263394,56.59800033569336,53.824500274658206,53.563000259399416,-30.15392298906684,4.72688824189329,34.88081123096013,0.8355926444328765,1.0549289361340959,1.0317469391950052,29.954372159428466,21.442373139618653,10,-9.314245823992117,False,60.310001373291016,-8.273762169899602,12.04934753790241,5.567308826007622,WAIT,5R+
144,PCOR,54.90999984741211,55.98480018615723,52.767800927171514,38.505036370253976,55,81.0,64.79000091552734,-15.249268295267804,1.271362004159599,76.66750144958496,88.54500198364258,55.447657432556156,2.148571014404297,51.18800048828125,51.96550025939941,55.98480018615723,18.236519681479813,6.154073155755113,-12.082446525724698,0.7714577468550573,0.8910141438091426,0.3197422098776148,18.332304933200106,1.7109199069588854,4,-2.06883153435794,False,54.939998626708984,-15.202966738124779,-1.8662236106481322,4.116521176494481,WAIT,5R+
145,GSAT,83.4000015258789,82.5734992980957,83.0,37.43387579607543,55,74.0,84.8499984741211,-1.7088944894730118,1.338696362982408,88.09499740600586,91.33999633789062,82.42599925994872,0.5900001525878906,82.86999893188477,82.5734992980957,82.39079971313477,-2.5399933955419174,-0.7637831338086043,1.776210261733313,0.8690966817421588,0.6782397234035018,0.21567950896417798,3.82439480287613,1.6650350211438347,11,-1.3126251869794214,False,83.4000015258789,-1.7088944894730118,1.0009291537948384,0.48192954925170284,WAIT FOR SUPPORT,5R+
146,IONQ,43.19499969482422,41.279998779296875,43.150001525878906,21.070620962258605,55,63.5,47.94499969482422,-9.90718537956894,1.0955029904801532,56.01249980926514,64.07999992370605,40.58080244064331,2.796785354614258,43.927500534057614,41.1557502746582,40.950100059509275,-11.167293004438362,4.19581629978949,15.363109304227851,0.7246586983663206,1.4509914540184823,0.42977561919487584,16.82657245967576,23.75510079520089,7,-7.124005928717336,False,43.17919921875,-9.940140799685304,4.600776394416051,0.06766556625399378,WAIT,5R+
147,MPWR,1480.0899658203125,1310.275,1393.1300048828125,34.70757251400814,55,47.5,1568.2099609375,-5.619145223673239,0.7995969947636007,1785.3999633789062,2002.5899658203125,1296.5856253487725,54.757498604910715,1387.3539916992188,1298.8409912109375,1310.275,5.52490060241817,5.3745347706424695,-0.15036583177570062,0.5359985679026062,0.6988408280912224,0.1739048840584602,13.849548711676762,20.846247774342473,10,-5.687301343523221,False,1479.010009765625,-5.688010750712868,12.87783173498882,6.1645363018389965,WAIT,5R+
148,PEGA,34.65999984741211,35.057999992370604,34.018999862670896,32.4120610436978,54,83.5,38.959999084472656,-11.036959286722093,1.6359016353397215,45.88999843597412,52.819997787475586,34.723803458895,1.3367861339024134,34.018999862670896,35.057999992370604,34.12080013275146,2.871538183319844,-1.9742457494057342,-4.845783932725578,0.7541107212676863,0.6931582222102854,0.14273522289204596,17.78747308611561,0.42820876707412303,9,-10.289939760747568,False,34.68000030517578,-10.985623408298927,-1.0782123546040356,1.9430331437527038,WAIT,5R+
149,CIEN,431.0799865722656,375.0142010498047,,31.915566397827778,54,53.5,462.69000244140625,-6.8317914159261806,0.8349834286398716,540.2200012207031,617.75,369.8378617640904,20.705357142857142,371.34300231933594,357.8785003662109,375.0142010498047,-9.228619516169356,15.13311658568217,24.361736101851527,0.7775286857060537,0.8829362150817353,1.0863754678181794,16.75635919734726,15.30471175955923,10,-7.930869106781213,False,431.6600036621094,-6.706433814339096,15.10497534592876,,WAIT,5R+
150,WK,70.3550033569336,71.16725044250488,70.05000305175781,31.730992440199298,53,81.0,80.55999755859375,-12.667570147625383,1.4953857949654648,95.76499557495117,110.9699935913086,70.39205423082623,3.1007848467145647,69.49150085449219,71.16725044250488,70.58630020141601,28.39034859937193,-1.0783692095678088,-29.468717808939736,0.7458573418938763,2.3530226072063,0.15493080639262963,18.874129192094834,2.5935769334519687,12,-11.382893955065388,False,70.3550033569336,-12.667570147625383,-1.1413214372072544,0.43540370005470397,WAIT,5R+
151,COHR,334.34991455078125,275.7900085449219,315.42999267578125,43.00984866486531,53,61.0,391.3699951171875,-14.569354134910828,0.7097203513357909,476.7149963378906,562.0599975585938,271.11840438842773,18.686416625976562,307.37299194335935,302.429997253418,299.31400024414063,-1.5293035415865575,5.88909100331525,7.418394544901807,0.8380695127689135,0.8754589640846906,0.47059863269522423,21.80673078812503,20.64539925466111,11,-14.223059850504482,False,334.489990234375,-14.533563020277263,21.284303227356325,6.042544463482513,WAIT,5R+
152,TTMI,133.4499969482422,123.68499946594238,127.67599945068359,30.391187932735626,53,53.5,149.94000244140625,-10.997735910807426,0.9122569661041301,175.44499969482422,200.9499969482422,121.98187419346401,6.812501089913504,127.67599945068359,123.68499946594238,123.28820022583008,-15.135049904550534,2.8610992792439616,17.996149183794497,0.7973458673281187,0.6469780905766277,0.2745083746652511,17.01013527953279,14.858615703812328,7,-7.8578630252850274,False,133.3800048828125,-11.044415959020071,7.838465018985352,4.4675627813136165,WAIT,5R+
153,CTSH,57.7400016784668,59.347799911499024,57.7400016784668,32.31490994395212,52,83.5,65.41999816894531,-11.739524159944391,1.7981660554966978,77.33999633789062,89.25999450683594,58.791022979191375,2.227107729230608,57.996999740600586,59.27649974822998,59.347799911499024,29.09712990201596,-3.4321035462844263,-32.52923344830039,0.7083488440958807,0.8099250270124903,0.19274574038394576,18.220725317298616,2.869412623803136,12,-7.082007582117145,False,57.71500015258789,-11.777741106717066,-2.7512389024462736,-0.04330018211313735,WAIT,5R+
154,APPF,205.47999572753906,208.4602493286133,202.98500061035156,39.06368324208027,52,81.0,236.5800018310547,-13.145661451860413,1.3560712206329255,277.0950012207031,317.61000061035156,206.70325290134974,7.027985709054129,202.98500061035156,208.4602493286133,207.982900390625,9.44662408869461,-2.2131945367540484,-11.65981862544866,0.7237803804049912,0.7365801192491519,0.5413658772020546,17.12528492521561,4.366647825357228,12,-10.744069810362467,False,205.47999572753906,-13.145661451860413,-1.429650789861714,1.2291524544598698,WAIT,5R+
155,IRDM,48.7400016784668,47.97019989013672,48.49051451223019,26.543020793508436,52,58.0,50.970001220703125,-4.375121618263844,1.0431592108696495,54.35000228881836,57.730003356933594,47.729842831747874,0.9614282335553851,48.41199989318848,47.858499908447264,47.97019989013672,-10.432738711371027,-1.6452020687013569,8.78753664266967,0.7765663224480714,0.8054724366641296,0.23012821891411783,6.631353712313315,5.8683392519790045,8,-2.515851007551373,False,48.7400016784668,-4.375121618263844,1.6047500116595392,0.5145071541232671,WAIT,5R+
156,INFQ,12.67140007019043,13.424070024490357,,22.755902717785517,51,83.5,15.0600004196167,-15.860559647229167,1.7086694230626425,18.21500062942505,21.3700008392334,13.21353429385594,0.8421429225376674,13.592140007019044,13.424070024490357,12.690027942657471,3.1045213878575506,-11.706444094012536,-14.810965481870086,0.733786894954175,0.7425407700076578,0.3706426435512619,20.949536001996005,15.158728488778973,7,-13.507925618399618,False,12.6850004196167,-15.770251884630737,-5.50555534592212,,WAIT,5R+
157,T,24.290000915527344,25.211499786376955,24.209999084472656,39.51638508690699,51,77.5,26.93000030517578,-9.80319108700881,1.5486480107195737,29.770000457763672,32.61000061035156,25.096142557689124,0.46142891475132536,24.703999710083007,25.211499786376955,24.966199951171873,8.023636217033104,-5.057286694498364,-13.080922911531468,0.650706700603224,0.7638121228197369,0.3025317115657877,10.545860083195247,1.192847510773487,11,-5.815329686512838,False,24.295000076293945,-9.784627549281556,-3.635244701222573,0.3510986990321818,WAIT,5R+
158,AMKR,54.41999816894531,51.54999923706055,54.130001068115234,48.71811101553838,51,63.5,64.9800033569336,-16.251161345718046,1.0613168317820911,79.85000419616699,94.72000503540039,50.969106333596365,2.3235716138567244,53.729000091552734,51.73549976348877,51.38319984436035,-25.652706372183133,-2.1416132172208058,23.511093154962328,0.7902706910497935,0.635531256904123,0.31174918380829597,22.88396440602325,17.701593133676674,10,-5.568787153379828,False,54.369998931884766,-16.328106920475715,5.470416559767566,0.44337310000701624,WAIT,5R+
159,FN,482.0799865722656,391.0799865722656,450.04998779296875,65.0529132272813,51,61.0,603.0900268554688,-20.065004376569362,0.5284700428701611,717.7850341796875,832.4800415039062,386.05784334455217,20.088572910853795,432.59999694824216,414.38899688720704,447.7533984375,-6.5671486326389195,17.55563761751042,24.12278625014934,0.7515693489601487,0.7612102851759869,0.7759944413195249,19.017891561271917,13.125814455308316,5,-3.076956508349238,False,480.8500061035156,-20.268950788212603,22.95438851731213,6.843688289291872,WAIT,5R+
160,AEIS,301.7799987792969,289.27379913330077,295.0,39.140515635224936,51,53.5,350.69000244140625,-13.946791559956528,0.8226911547342456,403.62000274658203,456.5500030517578,286.3523709978376,11.685712541852679,287.75599670410156,276.70049743652345,289.27379913330077,-4.213736893851472,8.538089659365466,12.751826553216938,0.7431123639712345,0.660902585676582,0.3501213522655608,15.09310215195525,13.062209966095374,5,-2.1884863948472777,False,301.5199890136719,-14.020933897580889,4.233425189928086,2.210165767346406,WAIT,5R+
161,SLAB,222.72000122070312,220.98700027465821,222.24000549316406,26.632714543062338,49,73.0,223.5,-0.348992742414711,1.3593691747127543,227.23500061035156,230.97000122070312,220.75240156991143,0.9383948189871651,221.84400024414063,220.98700027465821,219.57679992675781,-4.9704458552007225,-1.4923137418852983,3.478132113315424,0.8360055574068505,0.9891917278185457,0.14853660690629691,1.6711412126852565,1.286793247893403,10,-0.5361095800612392,False,222.74000549316406,-0.34004228493778044,0.793261692464764,0.22498199587894785,WAIT,5R+
162,BRZE,26.59000015258789,22.270000457763672,25.290000915527344,62.554023077827914,49,61.0,35.02000045776367,-24.071959437416034,0.5391672548445258,42.06500053405762,49.11000061035156,21.953553983143397,1.2657858984810966,25.060000228881837,24.935000228881837,27.62159999847412,4.736860053415604,2.3625914598171205,-2.374268593598483,0.7529103005515212,0.6681732266182567,0.14894585525171236,20.117075911494233,9.041097674497877,9,-13.91573353182931,False,26.549999237060547,-24.18618249568123,19.218673961925315,4.982199588453162,WAIT,5R+
163,AMAT,531.8400268554688,487.5226019287109,529.0499877929688,40.07631894792235,48,81.0,563.760009765625,-5.661980693420688,1.255954002567501,665.0750122070312,766.3900146484375,483.09224467686244,17.721429007393972,508.7240051269531,476.3010025024414,487.5226019287109,-13.762340369124193,10.738070229150187,24.500410598274378,0.5301135174891378,0.7157859614578093,0.30604943322702105,17.971299965658517,23.263037158005197,5,-1.021466550765715,False,531.9000244140625,-5.651338299927977,9.102638997615298,0.5387083804657467,WAIT,5R+
164,INTC,113.2300033569336,113.11000061035156,,23.00619293560605,48,81.0,127.44000244140625,-11.150344328505534,1.431483103130003,150.2650032043457,173.09000396728516,111.49500056675502,6.460000174386161,119.39300079345703,113.09250068664551,101.7834001159668,-4.273564058338675,-10.412465283199957,-6.138901224861282,0.7618544537725853,0.8583549621290445,0.43716313434410176,17.910389458313002,31.140621978656856,8,-11.209670184249365,False,113.18000030517578,-11.189580871819949,0.06188638886615028,,WAIT,5R+
165,VRSN,293.5899963378906,292.64950103759764,291.725383989894,24.748140883090112,48,67.5,310.0,-5.293549568422384,1.429910933370056,337.3949966430664,364.7899932861328,290.8414664132254,7.232138497488839,287.74000244140626,292.64950103759764,289.9043994140625,2.734628325939781,-3.777300580390086,-6.511928906329867,0.4858860519447632,0.9407311424350118,0.3964629939633744,8.837095691311747,9.206229392254684,11,-10.691797804057302,False,293.5899963378906,-5.293549568422384,0.32137259655609096,0.6391669872859662,WAIT,5R+
166,NVMI,397.2699890136719,376.7838006591797,389.35348669519715,53.46109073786911,48,63.5,451.3900146484375,-11.989637315507895,1.037976479355893,531.8400115966797,612.2900085449219,373.8834443664551,11.601425170898438,381.43500061035155,368.5979995727539,376.7838006591797,-19.09229630875442,5.554577976469366,24.646874285223788,0.8146876304048521,0.3997933966983492,0.23093727105791462,17.822724104984957,14.933750313413574,5,-1.7371215533409479,False,396.54998779296875,-12.149144880437944,5.246028916107415,1.848320701801076,WAIT,5R+
167,ICHR,62.650001525878906,54.880001068115234,62.54522564663239,80.15930905701497,48,61.0,87.58999633789062,-28.473565309675564,0.7419054528296424,112.3899974822998,137.18999862670898,54.16255480902536,2.8697850363595143,60.522999954223636,57.57274990081787,61.12459999084473,-36.441971913664,7.2401422881988475,43.682114201862845,0.8056558138886998,0.7971803596279879,0.32971941638608304,28.31373693491175,20.303389368285508,4,-1.9560282452861455,False,62.57500076293945,-28.559192397328502,14.021500628750783,0.04760573808668678,WAIT,5R+
168,CRWV,90.30999755859375,83.52999877929688,88.27564142612829,55.88094058980352,48,53.5,117.48999786376953,-23.13388441515778,0.8116384088027433,145.95999717712402,174.42999649047852,82.41280215127128,4.468786512102399,87.8629997253418,86.61800003051758,87.39780044555664,-6.641391512983286,2.261544734257104,8.90293624724039,0.7629513086074391,0.7770855751983533,0.5067877429555881,24.231849375268233,12.831748062637072,8,-7.3227545492583594,False,90.41010284423828,-23.048681174486507,8.236686418636285,2.4179506187968824,WAIT,5R+
169,NXT,89.55000305175781,88.08020034790039,,41.404478266682865,48,53.5,108.38999938964844,-17.381673995737568,0.8650608195116885,126.76750183105469,145.14500427246094,87.14582553863525,3.737499237060547,81.53000030517578,81.59250030517578,88.08020034790039,-25.383860586685948,6.688957748477464,32.07281833516341,0.7631170359179287,0.7412695683418917,0.6012998385852303,16.954979744341014,4.844289168821314,9,-5.867247971649725,False,89.44999694824219,-17.473939060853127,1.555169714568505,,WAIT,5R+
170,POWL,205.38999938964844,193.0243997192383,192.38600006103516,43.00094837755222,48,53.5,235.99000549316406,-12.966653413804007,0.9020894712873649,276.50000762939453,317.010009765625,191.08314932686943,7.765001569475446,192.38600006103516,186.1729995727539,193.0243997192383,-18.39838705855623,5.199508818598542,23.597895877154773,0.8302803022882075,0.6829975734300326,0.39939013520233435,17.165982115036616,12.841241101832978,9,-6.401205556854716,False,205.3000030517578,-13.004789070313084,6.359612230565093,6.71254820341689,WAIT,5R+
171,Q,132.1300048828125,127.49800003051757,130.0,38.86300245274738,48,47.5,146.6699981689453,-9.913406605067642,0.897409832219925,164.73500061035156,182.8000030517578,126.53983935764857,3.8326426914760043,127.1349998474121,123.85400009155273,127.49800003051757,-14.047796679684998,3.992327379312499,18.0401240589975,0.755128668388707,0.6034084096442481,0.23003910158512822,12.316767346378255,9.61689905283385,5,-1.7267723172695981,False,131.94000244140625,-10.042950781639725,3.4839781093236377,1.4923095703125,WAIT,5R+
172,TDC,29.679899215698242,29.062994956970215,29.6200008392334,50.32388431452976,48,47.5,34.939998626708984,-15.054664046236665,0.7721140361945151,39.639997482299805,44.339996337890625,28.852816377367294,0.8407143184116909,29.333989715576173,29.062994956970215,28.70439796447754,-22.596010211140104,-0.9124843180879916,21.683525893052114,0.8930059620205851,0.5099841483704465,0.22815465785717723,13.451628621410494,7.675432848223562,8,-5.057704743458369,False,29.704999923706055,-14.982824581455967,2.209011726721122,0.2869651656460137,WAIT,5R+
173,HUBB,487.18499755859375,472.16950073242185,468.4945007324219,33.740553094898175,48,40.0,529.3900146484375,-7.972386316706725,0.7766824811894758,576.2275238037109,623.0650329589844,469.08543679373605,12.336255754743304,468.4945007324219,458.95875091552733,472.16950073242185,-5.594574647752304,4.3496540832024255,9.94422873095473,0.735988793771581,0.7967946373968975,0.29125294008915087,8.847448546300551,6.405490255189528,7,-3.75252024106415,False,487.17498779296875,-7.974277127894702,3.1779873620110255,3.987343934953924,WAIT,5R+
174,LOGI,102.3949966430664,101.77874908447265,101.87049865722656,26.44030782463969,48,40.0,111.91999816894531,-8.51054474777666,0.7899397693968222,120.48999786376953,129.05999755859375,101.07107015337262,2.8307157244001115,101.87049865722656,101.77874908447265,101.68469970703126,-2.3516660626264674,-5.066828367673537,-2.7151623050470697,0.7798525470582611,0.6971860720061651,0.2515950599120064,7.657255034875576,7.420563800703883,10,-7.01190530178033,False,102.3949966430664,-8.51054474777666,0.6054776307795828,0.514867398072405,WAIT,5R+
175,DOX,58.494998931884766,59.34909980773926,58.25514959053786,37.39148463194008,47,75.0,64.38999938964844,-9.155149112660766,1.363649552063694,71.71499824523926,79.03999710083008,59.01838551385062,1.322857175554548,57.95449943542481,59.299249458312985,59.34909980773926,6.950666089159907,-2.3319866221287344,-9.282652711288641,0.7220968306514944,0.8115409208883779,0.1926454353334525,11.375988391092307,-0.5517502482487058,11,-4.841965518291847,False,58.494998931884766,-9.155149112660766,-1.4391134467436562,0.41172212762776716,WAIT,5R+
176,QTWO,58.255001068115234,61.118500289916994,56.64703188604151,33.49302234416408,47,57.5,67.51000213623047,-13.709081284635849,1.2405788726797138,75.99000358581543,84.47000503540039,60.67448233468192,1.7760718209402901,56.32249984741211,57.86425018310547,61.118500289916994,5.758511892706397,0.6231978427328366,-5.135314049973561,0.7354921141183174,0.7029915753074268,0.17349676189583382,12.561103808696238,-0.39525911122213486,4,0.07215172532142322,False,58.255001068115234,-13.709081284635849,-4.685159498709368,2.838576229922385,WAIT,5R+
177,SYNA,119.75,101.4284001159668,119.45999908447266,34.528539563900296,47,55.5,121.9800033569336,-1.8281712539458095,0.8455704789442374,140.31000518798828,158.64000701904297,100.30232859475272,4.5042860848563055,106.69200057983399,100.71000022888184,101.4284001159668,-9.9200981924643,20.814211558354124,30.734309750818426,0.5024394716907317,1.9450954828643792,0.7321707067938912,15.027054702907394,15.105338054256423,7,-4.322432231933593,False,119.7300033569336,-1.84456463197179,18.043864657277364,0.22602065505625824,WAIT,5R+
178,DBX,33.89500045776367,34.78975038528442,33.744998931884766,26.64845745957125,46,75.0,38.16999816894531,-11.199889746548985,1.3898386019795037,43.31249713897705,48.45499610900879,34.469928993497575,1.2792855671473913,33.391500282287595,34.78975038528442,34.48910037994385,10.582673683658372,-1.8449496504523655,-12.427623334110738,0.6779821137856783,1.00245558206761,0.146653083480951,13.472620426310677,7.897066135745678,12,-14.720391993611216,False,33.86000061035156,-11.291584399656362,-2.672481879393218,0.34079621308902297,WAIT,5R+
179,BHE,86.34500122070312,80.3499984741211,86.04000091552734,24.723224824753775,46,59.5,88.61000061035156,-2.5561441982247746,1.1091636595768388,98.59000015258789,108.56999969482422,79.6122305733817,2.9510716029575894,84.14750061035156,79.7857509613037,77.96670028686523,-1.4296009716703084,3.174056314166962,4.60365728583727,0.5259894419265827,1.0904190603306525,0.11096084633002508,11.262836557378876,15.03114271328936,9,-2.574899980667178,True,86.34500122070312,-2.5561441982247746,7.461111213975791,0.3544866363672128,WAIT,5R+
180,GFS,49.06999969482422,47.94599983215332,48.60535950591631,41.598873517693214,45,83.5,55.58000183105469,-11.712849805256898,1.56882859555193,68.32500076293945,81.06999969482422,47.456106736319406,1.9595723833356584,48.250999450683594,47.04349975585937,47.94599983215332,-34.792220160224886,0.5055669208354097,35.29778708106029,0.7960875049923412,0.7463492739339594,0.26953336129860556,22.930907722215377,14.619883040935665,7,-4.816327776227681,False,49.09000015258789,-11.676864815863652,2.3860182798135954,0.9970930193667016,WAIT,5R+
181,SNDK,1676.47998046875,1708.5852478027343,,28.375679413864294,45,76.0,1909.47998046875,-12.202275089723734,2.033837573882882,2365.124969482422,2820.7699584960938,1685.4478380475725,92.54963902064732,1741.8849975585938,1708.5852478027343,1552.9848950195312,-9.92125813767457,-12.988416153934068,-3.067158016259498,0.8015405531662475,0.5027996817542089,0.41928829056233347,23.862255361368987,23.2638433718531,10,-12.083475433013735,False,1676.3199462890625,-12.210656124420327,-1.888422105666987,,WAIT,5R+
182,BDC,113.41999816894531,119.04799942016602,110.98899917602539,47.142238073799874,45,53.5,140.25,-19.130126082748443,0.9558885018937051,161.375,182.5,118.15014216286797,3.5914290291922435,110.98899917602539,112.43899993896484,119.04799942016602,0.17592232339214142,-1.4762762169514332,-1.6521985403435746,0.7434851169596871,0.7637159122935573,0.1868632801977067,15.062388591800357,2.515041207501567,9,-7.412599043253987,False,113.37000274658203,-19.165773442722255,-4.7695019666346266,2.145260871107091,WAIT,5R+
183,IPGP,83.26000213623047,80.2666000366211,82.5,57.74473326797774,45,53.5,99.94999694824219,-16.69834449385168,0.9798759119558327,119.90999603271484,139.8699951171875,79.58007169451032,2.7461133684430803,80.13200073242187,78.77750053405762,80.2666000366211,-25.58184113492664,4.640397884268332,30.222239019194973,0.8457068309743077,0.8062441038304604,0.2060361512204849,19.96998468625135,4.498266277446383,5,-1.4136436938513852,False,83.26000213623047,-16.69834449385168,3.7293246484137343,0.9212147105823965,WAIT,5R+
184,ARM,302.7200012207031,286.29799880981443,302.13299865722655,22.114448968619577,44,63.5,336.9800109863281,-10.166778042812453,1.056846623296454,395.77501678466797,454.5700225830078,281.3475242069789,19.801898411342076,302.13299865722655,286.29799880981443,267.37199920654297,-6.159823696728162,-10.97785926350845,-4.818035566780288,0.7179718196503112,1.1359627058214803,0.3041102005621716,17.447624156177397,39.40840126562213,10,-16.206481999300625,False,302.79998779296875,-10.143041746991377,5.763920478576745,0.22076010853051553,WAIT,5R+
185,CRDO,220.22000122070312,186.80999755859375,206.47157044172963,50.80020946696736,44,61.0,286.239990234375,-23.064558156117286,0.6672397915423562,354.7899856567383,423.33998107910156,183.5033185141427,13.22671617780413,204.21299896240234,185.96249923706054,208.29210052490234,-21.856914793186466,12.534158813720154,34.391073606906616,0.7357950514107703,1.147531727682477,0.5116821874563712,23.948434097637495,40.56233351205911,7,-11.451866863684923,False,220.17999267578125,-23.07853542913533,17.86306704849716,6.639375195686048,WAIT,5R+
186,PATH,13.152199745178223,11.569999694824219,12.9399995803833,82.84466735535415,44,61.0,18.829999923706055,-30.15294849459749,0.5858139064776833,23.164999961853027,27.5,11.430038963045392,0.5598429271153041,12.820219898223877,13.295109939575195,14.668843936920165,8.1822898490455,-2.5683123685275144,-10.750602217573014,0.7321074559005136,0.6014336322524635,0.17508031046843006,23.021774061132195,0.14738731181622722,11,-14.863873694504793,False,13.154999732971191,-30.13807867088897,13.699222817231483,1.6615159162278959,WAIT,5R+
187,SAIC,125.88999938964844,130.107999420166,125.2699966430664,35.10794685247771,44,57.5,142.66000366210938,-11.755224899741867,1.2083310523512079,158.81500625610352,174.97000885009766,129.2903211048671,3.2707132611955916,128.90500030517578,130.107999420166,126.9731999206543,4.185132637015987,-4.76026353452238,-8.945396171538366,0.7038234806238304,0.7639650920532336,0.1877506610197253,11.324128823280644,5.665617534211065,11,-6.974130203292606,False,125.83999633789062,-11.790275404770767,-3.2803540914440266,0.45501693150700184,WAIT,5R+
188,INOD,67.30000305175781,64.75,65.3499984741211,20.887024148319203,44,53.5,79.44000244140625,-15.281972578742952,0.8557155417549798,93.17500305175781,106.91000366210938,63.38910709108625,5.443571635654995,68.87500076293945,62.993500328063966,61.45220024108887,-9.477855375968447,-5.6461156633570315,3.831739712611416,0.7164713981238773,1.2574335704590194,0.3148286310276048,17.28977868609998,35.54885527479754,9,-10.056949685524597,False,67.29499816894531,-15.288272783499613,3.9304991026182456,2.976281163333838,WAIT,5R+
189,ZM,93.76000213623047,97.38370025634765,92.57074571817193,37.77929193204472,44,47.5,110.88999938964844,-15.447738612772554,0.9686463244713487,124.67250061035156,138.4550018310547,96.66137860979352,2.889286586216518,91.24450073242187,92.14025039672852,97.38370025634765,0.2910551983981158,1.2594182457387415,0.9683630473406257,0.7433345651184206,0.7076362292435671,0.23075251854311968,12.4289848467523,2.253013490629896,4,-0.20931455220697393,False,93.80000305175781,-15.411666004108548,-3.6799764181852823,1.3279112359408929,WAIT,5R+
190,ROK,458.135009765625,437.5015008544922,447.11500549316406,38.80679054587654,44,40.0,489.3500061035156,-6.3788691015746135,0.7597706400304624,530.5650024414062,571.7799987792969,435.10337670462474,9.592496599469866,440.8165008544922,430.6262512207031,437.5015008544922,-8.16677752096201,5.413653776357452,13.58043129731946,0.5787567022736011,0.6947111579324599,0.1848649268547919,8.42239620390892,6.165101702688158,4,-0.7098055344684329,False,457.6600036621094,-6.475937886205452,4.607641977969279,2.358453203178512,WAIT,5R+
191,GLBE,39.1150016784668,39.59710021972656,,24.28354320327617,43,57.5,43.9900016784668,-11.082063682635235,1.0585962944908862,49.0525016784668,54.1150016784668,39.207725350516185,1.5574994768415178,39.97550010681152,38.90525016784668,39.59710021972656,1.7273467889208138,-7.6906006151859945,-9.417947404106808,0.7017038229740157,0.8817849447975912,0.21729385931702885,11.508296901198122,15.065074867790273,10,-7.533095368443298,False,39.15999984741211,-10.97977187261392,-1.103869651790057,,WAIT,5R+
192,NXPI,244.24000549316406,233.24750213623048,239.25999450683594,47.72346726253191,43,47.5,276.8800048828125,-11.788500005070102,0.8068349055912589,313.44000244140625,350.0,231.56714433942523,6.721431187220982,238.30600280761718,233.24750213623048,231.6294009399414,-20.928256840054114,0.977395456276664,21.90565229633078,0.6040374745635653,0.6714899590332675,0.13944938843684657,13.204275106130359,8.72226069785862,7,-2.2009431505643384,False,244.24000549316406,-11.788500005070102,4.71280646363077,2.081422344171213,WAIT,5R+
193,HOOD,112.92500305175781,115.32924995422363,112.44000244140625,23.607694440723257,42,83.5,126.73999786376953,-10.900264356056876,1.68123160679777,148.2699966430664,169.79999542236328,113.93391053336006,5.581357683454241,115.90250015258789,115.32924995422363,106.12529968261718,-7.51872828046638,-10.944882910426646,-3.4261546299602657,0.7568105831957277,0.8680443945708798,0.4106834633283909,16.98753285639083,17.50622399908581,9,-9.812545709525622,False,112.80500030517578,-10.994948550947758,-2.188733257217723,0.32461566688397614,WAIT,5R+
194,UMC,23.059999465942383,23.91900005340576,,26.56123783850361,42,83.5,26.3700008392334,-12.552147394574142,1.8014734160887138,31.285000801086426,36.20000076293945,23.641678612572804,1.109285763331822,24.46099987030029,23.91900005340576,21.094000091552733,-13.738765340210712,-12.346304896634397,1.392460443576315,0.7977510659317265,0.8255939583457159,0.7070053513845017,18.638603736942127,23.917421218628633,12,-6.298257236764194,False,23.059999465942383,-12.552147394574142,-3.5912897092078344,,WAIT,5R+
195,QCOM,180.3502960205078,186.20801391601563,,23.773943494566236,42,81.0,205.85000610351562,-12.387519711893912,1.4445451318847928,237.33000946044922,268.8100128173828,184.05767669677735,8.601348876953125,187.71902770996093,186.20801391601563,171.9290057373047,-10.314361128195815,-10.868230155438063,-0.5538690272422482,0.7528783001694102,0.8355663331144385,0.22009665293031025,15.292690028439093,15.106074081174325,11,-7.670748901509361,False,180.32000732421875,-12.402233676135344,-3.1620586396740813,,WAIT,5R+
196,MSI,457.1099853515625,462.64880126953125,453.81836994705503,43.06321028432112,42,67.5,494.8500061035156,-7.626557600578964,1.3703316757241737,541.4850158691406,588.1200256347656,460.81809208461215,7.322836739676339,452.43199768066404,457.72300109863284,462.64880126953125,1.7101233975576502,-1.7404286515100287,-3.450552049067679,0.7454687304052001,0.7122020380586628,0.287909563885876,9.424069756577836,0.31963527284859516,11,-3.8321469648714412,False,457.0199890136719,-7.644744189804098,-1.2166490522430018,0.7054846781522572,WAIT,5R+
197,KLAC,198.9040985107422,187.0562823486328,196.8300018310547,35.04608040053259,42,63.5,214.8000030517578,-7.4003278934709265,1.2149803403681738,250.71500396728516,286.6300048828125,185.2398532104492,7.265716552734375,195.64940948486327,185.997705078125,187.0562823486328,-17.057220758403425,3.7900718652629006,20.847292623666327,0.5198212188194677,0.7200302615568519,0.4814256356875728,16.720205030385095,17.42949215019367,5,-1.3127776151629855,False,198.94000244140625,-7.383612842188814,6.353018430369928,1.0719913583919105,WAIT,5R+
198,FLEX,117.7699966430664,114.09739990234375,114.39531522493367,30.63409680016521,42,47.5,131.6300048828125,-10.529520417541105,0.9673562401724447,149.71500396728516,167.8000030517578,112.93472145625523,4.650713784354074,114.01600036621093,112.22200012207031,114.09739990234375,-18.682615913460022,1.0706326297000635,19.753248543160087,0.774031020074457,0.6683757148763748,0.24299548548199212,13.739267958375724,6.283594701961848,7,-5.772586962823068,False,117.83000183105469,-10.483934163828124,3.2714171680561233,3.002471385622263,WAIT,5R+
199,MCHP,81.52999877929688,75.92020004272462,80.05000305175781,31.566764451067773,42,47.5,85.97000122070312,-5.164595066141531,0.9313538967094449,95.92000198364258,105.87000274658203,75.28662855420795,2.5342859540666853,78.62699966430664,75.61549949645996,75.92020004272462,-11.617953005457615,5.700796045578538,17.318749051036153,0.529096873558267,0.746327374538258,0.20934589248079755,11.573805538743343,13.205924594081985,5,-2.4244682182157917,False,81.5636978149414,-5.12539646760014,7.433460092361277,1.8909365465044292,WAIT,5R+
200,INGM,28.184999465942383,27.863299903869628,27.56999969482422,22.944170780476664,42,40.0,30.950000762939453,-8.933768106099604,0.7898502287860567,33.58500099182129,36.220001220703125,27.61392496926444,0.9974997384207589,27.291499900817872,27.021249961853027,27.863299903869628,-4.643790655890667,1.6389646666246982,6.282755322515365,0.7576846895673558,0.9533854225802403,0.1283318203673073,8.513732355176785,4.59593576231121,9,-4.833393338108105,False,28.190000534057617,-8.917609566545636,1.17251234173672,2.248824251346626,WAIT,5R+
201,EXTR,24.229999542236328,20.760000228881836,,94.0204756389179,41,61.0,32.40999984741211,-25.239124787681668,0.5375115743013803,38.77500057220459,45.14000129699707,20.568393026079452,0.7664288112095424,22.136000061035155,22.061499881744385,23.57459991455078,-29.125939643179265,7.758219195317828,36.88415883849709,0.6270403394551203,0.9546736007346409,0.36309679753692764,19.63900263733176,7.318221032705896,11,-8.666957118471942,False,24.239999771118164,-25.208269406845762,16.763003390505094,,WAIT,5R+
202,ACLS,142.36500549316406,124.42669998168945,141.09500122070312,33.719489699988884,41,53.5,149.9499969482422,-5.05834718869399,0.8770647069737496,173.61499786376953,197.27999877929688,122.96795021057129,5.834999084472656,131.07150115966797,120.4957504272461,124.42669998168945,-1.8650969289919272,21.173957005175303,23.03905393416723,0.46011303763491096,1.0032626139272385,0.2041835787607187,15.781928240849341,26.43854715737952,4,-0.518366148610705,False,142.36500549316406,-5.05834718869399,14.416765464417525,0.9001057879253871,WAIT,5R+
203,GOOG,344.19000244140625,342.6218005371094,341.9044471327168,33.225789312467576,40,40.0,381.80999755859375,-9.853067064178756,0.8087066216866292,415.2699890136719,448.72998046875,340.43530053274975,8.746000017438616,339.5589996337891,340.1339996337891,342.6218005371094,-11.033668364922566,-2.7570563341848264,8.27661203073774,0.7829804047184088,0.9246758136995794,0.309857368972612,8.763518941104543,6.848769687545664,11,-5.192806872704459,False,344.0899963378906,-9.879259700347287,0.4285179163963315,0.6392280719078824,WAIT,5R+
204,GOOGL,347.55499267578125,345.3208984375,345.3900508673981,33.369596062258324,40,40.0,384.4800109863281,-9.603885053951455,0.8408425640801028,419.27001953125,454.0600280761719,343.10483561924525,8.864251273018974,342.7624969482422,343.4807495117187,345.3208984375,-10.954948026747646,-2.8567979180377123,8.098150108709934,0.7830049110720745,0.9490626011775284,0.3007456768927462,9.048587065858937,7.355211786827542,11,-5.482150995339696,False,347.42999267578125,-9.63639649705076,0.6107635674019285,0.5906197365153298,WAIT,5R+
205,ORCL,145.02999877929688,144.64440002441407,140.25999450683594,35.95391965429603,39,63.5,170.6999969482422,-15.038077696468088,1.0195252314063288,198.79999542236328,226.89999389648438,143.13814991542273,6.025000435965402,139.6770004272461,144.29400024414062,144.64440002441407,-3.754291420696232,-4.625102233935885,-0.870810813239653,0.7379997067289934,0.9920481537932276,0.2220634938341151,16.461627988570648,6.305657613010163,10,-11.809648443424514,False,144.98500061035156,-15.064438662929591,0.2354744365353989,3.3687482450923234,WAIT,5R+
206,ACMR,77.88999938964844,76.34010017395019,76.51000213623047,29.72215509248899,38,63.5,92.55000305175781,-15.840089874347052,1.10641103788969,111.80500411987305,131.06000518798828,75.14688575744628,4.772857666015625,78.76499938964844,74.31699962615967,76.34010017395019,-27.56297239839155,0.9270537565907455,28.490026154982296,0.7633452273824637,1.3841371770644413,0.3552147414570823,20.804970754400777,26.165154678698844,9,-8.925247442256534,False,77.83000183105469,-15.904917055995217,1.9516632198668615,1.7252642242433724,WAIT,5R+
207,NCNO,19.204999923706055,20.39729995727539,18.98050003051758,34.332501770946244,38,63.5,24.09000015258789,-20.27812452444946,1.0162960156874554,28.070000648498535,32.05000114440918,20.173817825317382,0.8939285278320312,18.98050003051758,20.12825002670288,20.39729995727539,3.769644002688821,-4.19420410502791,-7.963848107716731,0.6660779467252625,0.7842080558147732,0.15854691340145127,16.521380119140794,-0.9411800608915444,12,-16.080752704131164,False,19.204999923706055,-20.27812452444946,-5.845381673391826,1.1827923017176278,WAIT,5R+
208,PINS,19.704999923706055,21.44489990234375,19.1200008392334,46.09265703598819,38,53.5,25.725000381469727,-23.401361976655245,0.8842673568632994,29.667500495910645,33.61000061035156,21.26650704928807,0.713571412222726,19.039499855041505,18.913249969482422,21.44489990234375,-19.524673355016308,5.32043124345134,24.84510459846765,0.7449694052037356,0.8088198756367659,0.30812956032877087,15.325559012550238,5.90809564080077,11,-7.85124178638169,False,19.670000076293945,-23.537415803256234,-8.276559154542017,2.876564921126845,WAIT,5R+
209,BILL,44.400001525878906,47.33079986572265,43.748999786376956,26.66191951690029,37,57.5,52.599998474121094,-15.589348262579394,1.041473221009642,58.52499771118164,64.44999694824219,46.91094270433698,1.6794286455426897,43.748999786376956,45.8814998626709,47.33079986572265,5.991272067779763,-6.32578785326473,-12.317059921044493,0.638043838984155,0.6394748544344244,0.14817414982757027,11.264257431443859,0.6772480313740115,12,-13.811225009402428,False,44.400001525878906,-15.589348262579394,-6.192158907431134,1.488037995567315,WAIT,5R+
210,PPLI,41.3849983215332,39.623799896240236,41.05000114440918,36.758188589842696,37,55.0,47.599998474121094,-13.056723428188398,0.7309125783327849,53.70999717712402,59.81999588012695,39.2405873979841,1.5328499930245536,39.958499908447266,38.69124984741211,39.623799896240236,-19.546583888166914,10.081643848803633,29.628227736970548,0.5758960116417055,1.7423901053631492,0.1240612455635262,12.836132140476387,16.65275968998825,4,-4.075307725889454,False,41.369998931884766,-13.088234751989368,4.406944917491917,0.7795317382571332,WAIT,5R+
211,VIV,12.65999984741211,11.83719997406006,11.84525934045074,45.219834714001195,37,55.0,14.199999809265137,-10.845070299565895,0.6308137081172461,15.744999885559082,17.289999961853027,11.750782145772662,0.34567131314958843,11.723999881744385,11.81749997138977,11.83719997406006,-11.726240440007995,4.199955964316282,15.926196404324276,0.5574211735728591,0.7388733441470667,0.24498154382547446,10.880282373566462,3.0874838341568456,11,-7.071550325280684,False,12.65999984741211,-10.845070299565895,6.95096707967362,6.878198978549066,WAIT,5R+
212,DOCN,133.52499389648438,134.08074989318848,133.32000732421875,18.98949300581681,36,81.0,151.8300018310547,-12.056252199047446,1.2523064506395372,176.88000106811523,201.93000030517578,131.82691135406495,9.01535415649414,137.7845001220703,134.08074989318848,125.27789993286133,-11.929954597260506,-10.37472196623247,1.555232631028037,0.4898951635880815,0.5611822103377816,0.1443459142543056,16.49871496737143,29.954656420155445,11,-9.688015399099381,False,133.39500427246094,-12.14186744139466,-0.5114422624230675,0.0562533334248938,WAIT,5R+
213,VRT,254.64500427246094,259.37329956054685,249.23539765221625,39.18116699987004,36,63.5,300.29998779296875,-15.203125333452572,1.1141297342404244,348.4299850463867,396.5599822998047,257.100353339059,9.091784885951451,248.7614974975586,248.11525039672853,259.37329956054685,-26.860913881412596,-1.362668820214652,25.498245061197945,0.7912771993223848,0.620136928012835,0.3986240953692402,16.027305764194534,8.03461321106358,10,-5.981221202768927,False,254.59500122070312,-15.219776367015815,-1.8422475821295192,2.1504182868782085,WAIT,5R+
214,AMBA,68.12999725341797,63.650001525878906,67.87000274658203,49.785272234165845,36,61.0,91.33999633789062,-25.410553990622876,0.5811793421954508,107.94999504089355,124.55999374389648,62.76018026896885,3.5592850276402066,69.24200134277343,67.85000114440918,72.10960037231445,-15.82982682152647,-0.2346115924363179,15.595215229090153,0.7437384339907006,0.7514053470752811,0.14884664073732506,18.184803338023126,15.787796359951113,7,-7.74628127377297,False,68.2300033569336,-25.301066244262916,7.195603646910431,0.5304266918858991,WAIT,5R+
215,ADBE,238.3800048828125,258.77239868164065,237.53499908447264,41.29478687590626,36,57.5,294.5299987792969,-19.064269897532515,1.1112925776192675,336.35499572753906,378.17999267578125,256.89364828927177,7.515001569475446,237.53499908447264,244.7245002746582,258.77239868164065,0.9077135320598062,-1.7756306552944912,-2.6833441873542974,0.708476660761189,0.6877797602293483,0.17053868945889777,14.200589794448515,0.7093399544202628,4,-1.8462981951715696,False,238.19000244140625,-19.128780284316115,-7.953860746004937,0.2757502513137666,WAIT,5R+
216,NVTS,12.220100402832031,12.07110200881958,12.121646441222804,29.636630606943328,36,53.5,14.949999809265137,-18.26019693151617,0.8992671232401985,17.709999561309814,20.469999313354492,11.880834173474993,0.7610713413783482,12.00300989151001,11.68900499343872,12.07110200881958,-15.518013507764083,-3.7555554607543784,11.762458047009705,0.7216992166127929,1.2693677338246612,0.4443369044012465,18.461537038510144,16.4122170053242,7,-6.311471443668292,False,12.265000343322754,-17.95986287757928,1.6063018468529755,1.182627317131102,WAIT,5R+
217,VLTO,97.01000213623047,96.70319961547851,95.92499923706055,30.126512646326937,36,50.0,102.25,-5.124692287305166,1.0849428230565519,108.70000076293945,115.1500015258789,96.30498554774692,1.5928562709263392,95.92499923706055,95.4879997253418,96.70319961547851,-1.2413331410080053,-0.5565765998988281,0.6847565411091772,0.7984463814769671,1.0465563034717038,0.18801071872799976,6.308069205808753,3.23060676389213,7,-3.700845422371102,False,96.96499633789062,-5.168707738004274,0.2707218824745228,1.0841773355243056,WAIT,5R+
218,CSCO,115.9749984741211,112.09749969482422,109.11649932861329,35.014452504520925,36,40.0,124.70999908447266,-7.004250400511102,0.7616225455742663,134.80999755859375,144.90999603271484,111.44883903503418,2.5946426391601562,109.11649932861329,109.28424949645996,112.09749969482422,-5.092493950188248,7.127897288707352,12.220391238895601,0.5018501822085392,0.8833767580201866,0.3578082674229964,8.098788026836434,3.741620022075831,11,-6.235418091987388,False,116.02999877929688,-6.960147838102671,3.5081059748687915,6.33588824167004,WAIT,5R+
219,ADP,263.05999755859375,271.7125988769531,261.70799560546874,29.186593166570617,35,67.5,288.0,-8.659723069932724,1.347610776057012,311.8000030517578,335.6000061035156,270.3391119493757,5.49394771030971,261.70799560546874,266.36399841308594,271.7125988769531,2.000371702085091,-4.270494201295993,-6.270865903381084,0.6916390120888906,0.7707356169723285,0.17416029072512046,8.263889948527027,2.262272819690958,12,-5.626426678767782,False,263.1050109863281,-8.644093407524956,-3.1679016454157827,0.5338069162263759,WAIT,5R+
220,HUBS,219.94000244140625,230.94219940185548,213.93499908447265,22.62147103494177,35,63.5,265.0,-17.003772663620285,1.0708407599757184,304.9749984741211,344.9499969482422,227.66952102661133,13.090713500976562,213.93499908447265,221.24450073242187,230.94219940185548,4.196046392391861,-0.884723806354093,-5.080770198745954,0.6766942578587734,0.6746065768560097,0.2161782769862648,15.084905084574007,1.1093695789236468,9,-15.927089410442186,False,219.72500610351562,-17.084903357163917,-4.857143184481916,2.706432815491211,WAIT,5R+
221,TTAN,70.98999786376953,55.040000915527344,67.69585827195353,80.24000658117659,35,61.0,102.9520034790039,-31.045540188785857,0.5115896898065989,127.92800521850586,152.9040069580078,54.13162606103079,3.633499417986189,64.64899940490723,60.896999549865725,78.25709983825683,-15.984684776897096,13.488185283503306,29.472870060400403,0.49394419142276624,0.6741662202726878,0.13415184142522857,24.259850119959616,21.27189108852967,4,-0.3419949399453337,False,70.91999816894531,-31.113532741100293,28.851738715974594,4.7626841276456,WAIT,5R+
222,RBLX,45.58000183105469,46.36250038146973,45.53404339479089,28.70112459656021,34,83.5,51.959999084472656,-12.278670834935635,1.9021029677097427,63.7599983215332,75.55999755859375,45.75633953639439,2.4246433803013394,44.69500045776367,46.36250038146973,42.32099998474121,-24.293520628092523,-10.43255776058276,13.860962867509762,0.7863095623902406,1.0182724088774449,0.20022998632715908,22.709775683169276,18.332944758587622,11,-20.487804878048777,False,45.53499984741211,-12.365279734926993,-1.784848805066508,0.0021005220488090615,WAIT,5R+
223,PL,18.08989906311035,16.100000381469727,17.132366195240834,61.36035037256349,34,61.0,25.530000686645508,-29.14258293548343,0.5788144960350041,31.130000114440918,36.72999954223633,15.85505393573216,0.9797857829502651,17.005989837646485,16.802495002746582,19.687198028564453,-41.79700779210421,5.147326276958042,46.94433406906225,0.7410344964113179,1.2180504288019818,0.6880580470877232,21.934975625459785,9.987517701313987,8,-8.626562913545255,False,18.094999313354492,-29.12260545758697,12.391297419973402,5.618798402646008,WAIT,5R+
224,YOU,41.47999954223633,38.130001068115234,40.977500915527344,123.77061142200071,34,61.0,69.06999969482422,-39.94498374763328,0.5060186320281563,84.91749954223633,100.76499938964844,37.751983233860564,1.5120713370186942,40.660000228881835,40.786499977111816,45.02260009765625,-32.22015212635748,4.447027562525019,36.6671796888825,0.7815174853875138,0.9511724988613447,0.18068642559671236,22.94411454673808,10.104993288735752,4,-3.504174479066502,False,41.43000030517578,-40.01737297201646,8.654600431732074,1.1042630212643623,WAIT,5R+
225,FDS,273.4200134277344,283.1997998046875,272.43190902205254,27.12979064533821,33,57.5,320.4800109863281,-14.684222399318802,1.001231770051402,360.6650161743164,400.8500213623047,280.3444435882568,11.421424865722656,271.48200073242185,273.51300048828125,283.1997998046875,3.344247195451655,-2.915502155772709,-6.2597493512243645,0.7107090960545246,0.8787399596395986,0.1825703469963014,12.53900518297928,9.391250029229713,11,-11.281239832173728,False,273.4200134277344,-14.684222399318802,-3.4533168398063308,0.3626977505053697,WAIT,5R+
226,ALGM,38.75,38.186299896240236,37.8489990234375,51.66708174474249,32,63.5,47.619998931884766,-18.626625642248197,1.1056754597502132,58.48500061035156,69.35000228881836,37.79342497416905,1.5714996882847376,37.000999450683594,35.78899955749512,38.186299896240236,-31.69194441718074,7.293998289134418,38.98594270631516,0.5245983501289048,1.216173066135239,0.33092499558488114,22.816047715599485,11.871587264086902,6,-3.410932237074249,False,38.7400016784668,-18.64762169801776,1.4500011358290266,2.354098332897925,WAIT,5R+
227,LDOS,117.13999938964844,130.66960037231445,,47.34572635232168,32,57.5,147.3300018310547,-20.491415235320186,1.2429213127536891,169.04500198364258,190.76000213623047,129.85906466892786,3.242142813546317,121.5229995727539,125.16950073242188,130.66960037231445,2.3069443780424415,-6.833845191008281,-9.140789569050723,0.6680161376353847,0.7593384448495993,0.27363263296757395,14.739021165213018,0.07023282216269688,11,-9.13982218030408,False,116.90499877929688,-20.650921518786504,-10.533897366945599,,WAIT,5R+
228,ESE,267.1099853515625,283.49780212402345,265.6700134277344,51.87477938357208,32,55.0,336.7699890136719,-20.68474208943879,0.7354749863886381,377.2799835205078,417.78997802734375,281.6899451555525,7.231427873883929,268.34400329589846,266.2225036621094,283.49780212402345,-26.51404966222408,0.1941669356079201,26.708216597832003,0.7379154999837807,0.9868865262635155,0.3887570632439465,12.028979965073837,3.645069905377607,8,-2.6711918147134472,False,267.1099853515625,-20.68474208943879,-5.780579831547216,0.5420152260502631,WAIT,5R+
229,POWI,53.650001525878906,54.805599975585935,52.347914700380386,46.281117019927294,31,63.5,66.18000030517578,-18.933210519065124,1.182815546631309,80.28499984741211,94.38999938964844,54.255064432961596,2.2021421704973494,52.27400016784668,50.96799983978271,54.805599975585935,-26.260581567142538,2.425540190047215,28.686121757189753,0.7580231965532765,1.0004128550794413,0.17576850058488502,21.313084734351694,9.590765054524141,7,-3.3320598195944795,False,53.689998626708984,-18.872773679165398,-2.035560872199038,2.5637772469260245,WAIT,5R+
230,DPC,42.36000061035156,39.25,42.17454133879385,56.385380407345345,31,61.0,57.25,-26.008732558337876,0.5299291827956338,67.04999923706055,76.8499984741211,38.75696441105434,1.9721423557826452,41.569999313354494,41.17699966430664,44.72039985656738,-18.106268104235834,2.3764424184991473,20.482710522734983,0.738040833794197,1.223782197350355,0.07586302062970032,17.117902597485667,6.9331928948175525,4,-3.2654929205588767,False,42.36000061035156,-26.008732558337876,7.9235684340167145,0.4397422370711501,WAIT,5R+
231,STX,808.8350219726562,869.6222534179688,,21.18031183210469,31,53.5,1013.989990234375,-20.232445116573484,0.9929389938468202,1171.489990234375,1328.989990234375,855.3699733189175,57.009120396205354,899.4395080566406,869.6222534179688,855.2609008789062,-12.937438602323814,-13.898057044060398,-0.9606184417365835,0.6609982320803965,0.9823791402207525,0.9532364490142897,15.532697710713617,19.70044289059958,9,-14.299784322977239,False,808.6799926757812,-20.247734152793573,-7.007900327143157,,WAIT,5R+
232,MTCH,40.45000076293945,41.57300033569336,40.285000228881835,26.756769839510568,31,50.0,44.935001373291016,-9.981084840952981,1.1962865967490226,49.3025016784668,53.67000198364258,41.28412012372698,1.1555208478655135,40.285000228881835,41.57300033569336,40.48100028991699,-1.5374492006102525,-4.85105158732948,-3.3136023867192277,0.7149399430874284,0.8675105341336801,0.19014002803101196,9.719595352614775,4.981771958796455,12,-9.467592778601597,False,40.45000076293945,-9.981084840952981,-2.701271410978079,0.4095830535438827,WAIT,5R+
233,OLED,80.23500061035156,82.52290054321288,77.77999877929688,39.75105448466781,31,47.5,94.41000366210938,-15.014301982753576,0.8504282489776996,105.00000381469727,115.59000396728516,81.95745382581438,2.261786869594029,77.4005012512207,78.05925140380859,82.52290054321288,-6.289296719841819,0.8771732043551861,7.166469924197005,0.7391997060629911,0.6189256604025137,0.1750787429816038,11.21703182057825,1.9577133205818331,10,-6.259599613061184,False,80.26499938964844,-14.982526982082845,-2.736090392729351,3.1949095517509907,WAIT,5R+
234,CRUS,118.47000122070312,119.39040008544922,,58.47430673160466,30,63.5,137.0399932861328,-13.550782964981945,1.2153314053953241,159.31999588012695,181.5999984741211,118.70754298073905,2.731428418840681,120.0629997253418,119.13600006103516,119.39040008544922,-26.2786960833173,-3.4168362777482586,22.86185980556904,0.8615695718836854,0.6074896035524504,0.21918532634587898,16.258029542860953,8.787929570325614,9,-2.9140677424377093,False,118.20999908447266,-13.74051016066824,-0.9886900455411296,,WAIT,5R+
235,AFRM,75.58499908447266,73.44529983520508,70.84549942016602,35.94204527461357,30,55.0,90.44000244140625,-16.425257580635034,0.6854003553398375,102.64500427246094,114.85000610351562,72.63288907187325,3.2496430533272878,70.84549942016602,70.8697494506836,73.44529983520508,-13.992476675308419,3.485397885300623,17.47787456060904,0.4967226582669369,0.8237374365240989,0.3154320385291433,13.495136556372822,5.559639502961589,10,-7.168729112046657,False,75.51499938964844,-16.502656621916103,2.8180149840592916,6.5911031860878655,WAIT,5R+
236,CHKP,130.67999267578125,133.30450019836425,128.5,17.135700082144425,30,50.0,141.9600067138672,-7.945909766559667,1.0165980959194933,151.8600082397461,161.760009765625,132.2216434751238,4.331426892961774,131.45800094604493,133.30450019836425,132.10780014038085,-11.494428898792508,-6.533771931419608,4.9606569673729,0.6250918963668095,0.6664858910549607,0.1996664482697004,6.973796180380032,8.160301588791818,9,-10.937944205757134,False,130.67999267578125,-7.945909766559667,-1.9688063933907651,1.6964923546935795,WAIT,5R+
237,ADSK,226.43499755859375,233.65769927978516,213.07202195017845,43.62406793310419,30,47.5,271.7200012207031,-16.666054563030443,0.9120805162184117,307.99000549316406,344.260009765625,231.9537704685756,6.815715244838169,212.8574981689453,215.45024795532225,233.65769927978516,2.912732537151097,1.2728910933768267,-1.6398414437742703,0.49670870651172006,0.8734038667494671,0.22708540202072688,13.348301232709336,6.291743445559006,10,-9.306986110485804,False,226.46499633789062,-16.655014235059706,-3.078307697142002,6.2856560261317584,WAIT,5R+
238,AVGO,378.5199890136719,372.74039978027344,355.73263853127776,41.29198927685106,30,47.5,432.7300109863281,-12.52744681356731,0.7739234655621545,481.1900177001953,529.6500244140625,370.11399161202564,10.505632672991071,355.38300170898435,354.83199920654295,372.74039978027344,-9.602317683215455,2.0047674138337745,11.607085097049229,0.5055316417665957,0.8769514332840677,0.6319328579454176,11.198670183149883,7.448350974017837,10,-5.829264141628887,False,378.4200134277344,-12.550550269163018,1.5237451188035989,6.377647828472122,WAIT,5R+
239,DGII,74.38500213623047,74.58709991455078,,38.162851904349274,29,63.5,86.83999633789062,-14.342462836131775,1.0435157512601083,100.32999420166016,113.81999206542969,73.91254617963519,2.6982149396623885,75.92450103759765,73.18525009155273,74.58709991455078,-2.702922510486161,-2.4381531756968555,0.2647693347893054,0.7589301553298399,1.0313897630382745,1.1396914483666098,15.534314178550336,17.479371731680217,7,-8.250327537786939,False,74.3499984741211,-14.382771062278144,-0.3178853189107933,,WAIT,5R+
240,CW,554.6599731445312,617.8360009765624,545.5168847426462,78.33631791784795,29,53.5,770.1799926757812,-27.983071695031214,0.7833633585676117,892.2649841308594,1014.3499755859375,614.3327857317242,14.012860979352679,542.5149963378906,552.3620025634766,617.8360009765624,-34.0589536934693,-1.0324155201922203,33.026538173277075,0.7250831185738089,0.9693390621414183,0.2673564094516433,15.851488303523297,3.0496538322061895,11,-7.395867807668665,False,554.4450073242188,-28.01098280962219,-10.260165084609307,1.6366354243616987,WAIT,5R+
241,KT,19.05500030517578,19.404250144958496,19.03300710105783,25.37280350505498,27,70.0,20.1299991607666,-5.340282664720597,1.7753529105496373,21.569998741149902,23.009998321533203,19.31889305795942,0.341428347996303,19.177500343322755,19.404250144958496,19.14230010986328,-2.8032233412248697,-4.112246954844389,-1.3090236136195195,0.7327124631889557,1.0799971914537994,0.32746818330784355,7.153500449169736,1.6511951291549698,7,-5.736045808896839,False,19.03499984741211,-5.439639140614805,-1.9029351548651485,0.01046995014344354,WAIT,5R+
242,UCTT,72.40499877929688,71.38999938964844,72.07499694824219,49.29083419587189,27,53.5,98.68000030517578,-26.626470859973004,0.8353439652252488,122.34000015258789,146.0,70.35633863721576,4.134643009730747,76.88449935913086,73.76875,76.42650009155274,-35.2337807706106,-7.2449641969288825,27.988816573681717,0.7358611156551831,0.9216710353564436,0.3777469377257188,23.976489434780767,22.54035119846325,5,-11.27268182703045,False,72.38999938964844,-26.641670889971035,1.4007564204363998,0.43704815087604043,WAIT,5R+
243,NTES,118.69499969482422,122.63330032348632,118.31999969482422,35.51077249304072,27,40.0,133.6699981689453,-11.202961531572864,0.8984670563045964,144.13000106811523,154.59000396728516,122.02794315338134,2.421428680419922,118.9904998779297,118.06674995422364,122.63330032348632,-17.928959908961616,-1.8849315256356136,16.044028383326,0.7190974383573736,0.8522048692248982,0.2855489052200924,7.825243541897509,4.845509196247022,5,-4.20292460959476,False,118.65499877929688,-11.232886657685892,-3.2440630185238017,0.28312972053472496,WAIT,5R+
244,VZ,45.55500030517578,48.2719002532959,,37.06623464918651,26,67.5,51.66999816894531,-11.83471662564286,1.3075747461577802,56.39999771118164,61.12999725341797,48.05261449268886,0.8771430424281529,46.275499725341795,47.806250190734865,48.2719002532959,0.3286531779342683,-3.757001205640653,-4.085654383574921,0.5945744166211854,0.8710001883856414,0.37906721208505545,9.154247551491412,-1.0118433002871297,5,-1.4789045496860997,False,45.53160095214844,-11.880002775936182,-5.676800139974514,,WAIT,5R+
245,PNR,53.474998474121094,60.62049987792969,53.35949974060058,73.80579033892027,26,63.5,70.97000122070312,-24.651264542290086,1.217458629624652,83.95500373840332,96.94000625610352,60.30433899470738,1.2646435328892298,53.35949974060058,54.827750015258786,60.62049987792969,-33.99238946259072,-5.461487818794941,28.53090164379578,0.717984412961135,0.6058445056789712,0.16270390100254772,18.29646652720116,-0.7119998641973213,11,-7.206885166257337,False,53.44179916381836,-24.698043899387024,-11.842034837335458,0.15423574736994627,WAIT,5R+
246,RDDT,149.22999572753906,155.35640014648436,148.24599914550782,40.171300457650375,26,63.5,185.91000366210938,-19.729980749844998,1.114302717418239,221.79900360107422,257.68800354003906,153.70241825648716,6.615927559988839,148.24599914550782,151.98500061035156,155.35640014648436,-30.579096470939216,-5.967155236869647,24.61194123406957,0.7238574116074897,0.5654531621836013,0.37866812149146734,19.304501765377257,8.392510981451462,11,-10.967044648469615,False,149.19500732421875,-19.74880082548972,-3.9659729605320937,0.6401577001612369,WAIT,5R+
247,MRCY,82.3499984741211,78.61000061035156,81.58999633789062,73.70350824814452,26,61.0,115.37999725341797,-28.627144709277943,0.4918803558557212,133.8349952697754,152.2899932861328,77.86071477617536,2.997143336704799,82.80700073242187,83.30750045776367,91.94400039672851,-33.72723010329792,-3.654230176990525,30.072999926307396,0.6987266289048459,0.694911857313804,0.24024802453383476,15.99497179378786,6.490117121592509,11,-8.219498879285169,False,82.08000183105469,-28.861151165763978,4.414198185677387,0.6005705541826334,WAIT,5R+
248,PSN,42.20000076293945,40.06999969482422,41.955999755859374,90.91359075392869,26,61.0,62.29899978637695,-32.262153633857515,0.5756583603053979,75.31850051879883,88.3380012512207,39.68228537695749,1.5508572714669364,41.955999755859374,43.89850006103516,46.107999877929686,-32.46702701661933,-6.116882162059934,26.3501448545594,0.7338287901268493,0.750155396656471,0.18129825429942123,20.89841053157466,-0.9180287845799162,11,-11.603798640543939,False,42.20000076293945,-32.262153633857515,5.315700235431664,0.5815640397080601,WAIT,5R+
249,AMX,22.34000015258789,23.191000061035155,21.77459134324756,45.708337511947036,26,47.5,26.239999771118164,-14.862803553919711,0.9553097455297791,29.27999973297119,32.31999969482422,23.057785859789167,0.5328568049839565,21.73000011444092,22.277500247955324,23.191000061035155,-22.396661409613184,-1.6058848331003572,20.790776576512826,0.7621248398322886,0.8752462830152667,0.23061753374786043,11.585365809336224,-1.6213800912919574,11,-8.507794131415547,False,22.31999969482422,-14.939024811305867,-3.7557688927540744,2.5047925950894667,WAIT,5R+
250,ASTS,61.61000061035156,62.80679985046387,60.42454607330155,22.761647749250812,26,47.5,75.08000183105469,-17.940864267709234,0.8374790312315896,86.22000312805176,97.36000442504883,61.77817470278059,4.11450059073312,59.76500053405762,60.234500122070315,62.80679985046387,-24.78436143829462,-5.09601300354775,19.68834843474687,0.7159438185415484,0.9883121292995013,1.143310264433762,14.837508025192037,8.371614991701716,10,-12.98477097830486,False,61.61000061035156,-17.940864267709234,-1.9055249478746816,1.961875784076117,WAIT,5R+
251,TYL,333.19000244140625,337.1008020019531,329.4144600447961,42.515062417637964,26,47.5,393.5299987792969,-15.333010577353988,0.9372912167257539,448.88499450683594,504.239990234375,334.47151755196705,10.517137799944196,325.8330017089844,333.7425018310547,337.1008020019531,-0.972280989629537,-1.1837647571000254,-0.21148376747048836,0.7303723870922347,0.5836184650371923,0.14774466778764644,14.06627090672794,0.6021190376538366,12,-7.543701171874995,False,333.19000244140625,-15.333010577353988,-1.1601276346189793,1.1461374209549735,WAIT,5R+
252,NWE,69.19000244140625,69.89320007324218,68.7137031622996,20.195007472820617,25,50.0,73.4800033569336,-5.8383243325240475,1.0441700213248155,77.62500381469727,81.77000427246094,69.51034288678851,1.5314287458147322,68.6489990234375,68.94650001525879,69.89320007324218,-8.60676223660446,-2.8034336460482145,5.803328590556246,0.7103733588697712,1.3298147656437684,0.18728563799276066,5.640991111049742,2.780228444127708,10,-5.767863532663952,False,69.19000244140625,-5.8383243325240475,-1.0061030702543938,0.6931649106171056,WAIT,5R+
253,ED,104.48500061035156,106.7306997680664,103.29356821124216,35.074123883784814,25,40.0,114.58000183105469,-8.810439046412256,0.798908771774836,121.18000030517578,127.77999877929688,106.31873507908412,1.6478587559291296,103.15449981689453,104.44374961853028,106.7306997680664,-13.770556213799567,-1.2090451815488512,12.561511032250717,0.7258393638658286,1.103208047809594,0.4102427020462577,5.7601661447454156,-0.38982703781268446,4,-0.1271864343825424,False,104.46499633789062,-8.827897828172826,-2.122822613455466,1.1340765421645749,WAIT,5R+
254,EVRG,79.93000030517578,81.39039978027344,78.90970544589773,42.17209755281791,25,40.0,87.43000030517578,-8.578291174449426,0.8719619250477564,92.93500137329102,98.44000244140625,81.11665002005441,1.094999040876116,78.61800079345703,79.54900016784669,81.39039978027344,-13.946609757409634,-0.9975951309984854,12.949014626411149,0.7515337693392908,1.1290986910249499,0.15162753887480293,6.296466943726342,0.025509146809521432,4,-1.1856199340004925,False,79.9000015258789,-8.612602942940972,-1.8311720527459108,1.2549737378758197,WAIT,5R+
255,MDA,29.78499984741211,30.95469985961914,29.15999984741211,31.425792462452655,24,55.0,36.79999923706055,-19.062498736640656,0.7469865426842016,41.41499900817871,46.029998779296875,30.621842727661132,1.3314285278320312,30.3024995803833,30.008749771118165,30.95469985961914,-29.96229753812063,-6.761573171586733,23.200724366533898,0.7097779312932899,0.9151859817254312,0.21379653639562882,12.54076050759938,10.343635907066773,11,-10.03460346709053,False,29.78499984741211,-19.062498736640656,-3.778747710401553,2.1433470619701245,WAIT,5R+
256,TDS,35.0099983215332,36.146999740600585,35.0099983215332,21.9128786805952,23,67.5,38.40999984741211,-8.851865502175949,1.367032599541088,41.859999656677246,45.30999946594238,35.886285482134134,1.0428570338657923,35.214999771118165,36.146999740600585,35.16839988708496,-6.324534940243431,-6.409102574557746,-0.08456763431431469,0.6881934581782212,1.2554560407880706,0.2537042248097606,8.98203546724976,0.7208265551157611,8,-7.789710125022942,False,34.9900016784668,-8.903926536140661,-3.2008135403676086,-0.0571169495147017,WAIT,5R+
257,PCG,12.395000457763672,15.258500003814698,12.26850004196167,73.42684806930825,23,63.5,18.440000534057617,-32.78199512591758,1.019800117255317,21.77500057220459,25.110000610351562,15.169751804215569,0.35499279839651926,12.26850004196167,12.860249996185303,15.258500003814698,-34.28788009281841,-5.595722489101029,28.692157603717384,0.7053157488337395,0.8644732483524209,0.22679268488546822,18.0856829802549,-1.289281622718752,4,-2.7755114496970656,False,12.385000228881836,-32.83622630049573,-18.832124876065627,0.9495878593283935,WAIT,5R+
258,APP,278.40008544921875,266.8399963378906,275.1300048828125,69.0474303476971,23,61.0,437.7900085449219,-36.40784850834439,0.5600704694568956,535.7150115966797,633.6400146484375,262.9459337506975,15.576250348772321,295.27000732421874,308.8515029907227,325.8272009277344,-53.67086726480018,-17.14061121128815,36.53025605351203,0.7009381407608593,0.9026072927363982,0.42139062117821013,22.36803059467487,8.231172907000905,11,-19.18103235129348,False,278.19000244140625,-36.455835671987245,4.253487580303927,1.1122005976400562,WAIT,5R+
259,FIG,22.06999969482422,19.579999923706055,21.77181013622496,71.55214194638906,23,61.0,31.219999313354492,-29.30813523309823,0.4897333605830421,37.03999900817871,42.85999870300293,19.335982084274292,0.9760713577270508,21.295000076293945,22.063000011444093,24.35200008392334,-5.139965145437153,-0.5916629845267529,4.5483021609104,0.4649913841583873,0.4875597271575848,0.23302746971767022,18.641895652876215,3.0895061249634814,12,-13.706480992292015,False,22.059999465942383,-29.340166716447936,12.66598341113232,1.3236810715978153,WAIT,5R+
260,ITRI,88.0199966430664,96.2734001159668,85.9000015258789,40.78518517548585,23,57.5,108.19999694824219,-18.650647758177797,1.0784102320035431,121.7349967956543,135.2699966430664,95.64911469050816,2.4971417018345425,88.3369987487793,90.45149993896484,96.2734001159668,-2.2624621000036926,-7.519691595249734,-5.257229495246041,0.7022445693452652,0.6955022856777392,0.14602381745238888,12.509242355974015,1.567093754457538,10,-8.078860781741115,False,88.0199966430664,-18.650647758177797,-8.572880424871975,2.467980302129358,WAIT,5R+
261,BIDU,86.91999816894531,96.20540023803711,85.31999969482422,69.72116393401518,23,47.5,114.44999694824219,-24.05417170237828,0.8661054935837599,130.68000030517578,146.91000366210938,95.71093631744385,1.9778556823730469,86.95599975585938,88.95099983215331,96.20540023803711,-33.086839757890644,-7.791467515886607,25.295372242004035,0.7061189147245694,0.7758643921754748,0.32082373708949047,14.180868317780115,2.2568878518666846,10,-9.1745140419076,False,86.88999938964844,-24.080382956285472,-9.682825314732813,1.8401309194091109,WAIT,5R+
262,BILI,14.805000305175781,16.422699966430663,14.65999984741211,58.38532726328362,23,47.5,19.469999313354492,-23.95993411760926,0.8199097252938093,22.047499179840088,24.624999046325684,16.32636070660182,0.3853570393153599,14.849000167846679,15.064000034332276,16.422699966430663,-24.872689920574587,-5.002202848570625,19.87048707200396,0.7218677673794323,0.7727502236931988,0.14820572195017018,13.238315138088819,5.138894058304211,6,-5.44914626308649,False,14.800000190734863,-23.98561524045084,-9.880834326954336,0.9549818879941441,WAIT,5R+
263,OSIS,198.6365966796875,210.95553161621095,197.11565856933595,42.65080326350597,23,47.5,240.89999389648438,-17.54395943860323,0.8694460522202874,268.09999084472656,295.29998779296875,209.6157102094378,5.359285627092634,197.11565856933595,198.88882904052736,210.95553161621095,-15.625057624961435,-2.9272893003244205,12.697768324637014,0.7360046950124803,0.611078581118901,0.16111098815978753,11.290991132166717,2.790011825194183,9,-6.2857115797221415,False,198.6365966796875,-17.54395943860323,-5.839588486797842,0.771596798240437,WAIT,5R+
264,TTWO,203.6699981689453,224.8373989868164,201.38999938964844,45.69690970508963,23,47.5,256.6199951171875,-20.633620900842963,0.8633518632103512,285.19998931884766,313.7799835205078,223.51646523611885,5.283735002790179,203.68500061035155,207.92850036621093,224.8373989868164,-25.96507017177562,-2.7351749157023653,23.229895256073252,0.7010002520587348,0.7873131030651873,0.30814500301396164,11.137087812899725,0.9978111862782191,4,-3.4024084619728945,False,203.5850067138672,-20.66674047714071,-9.45233860946566,1.0899286612399584,WAIT,5R+
265,NI,40.279998779296875,41.430799865722655,39.39699935913086,62.41491031778594,23,40.0,46.689998626708984,-13.72884993777934,0.8418691799182441,51.25,55.810001373291016,41.27347848074777,0.6292855398995536,39.39699935913086,40.13399963378906,41.430799865722655,-21.009312239002853,-0.8271939768432324,20.18211826215962,0.7736841483900158,0.9522187163376197,0.2553159793491063,9.76654852733807,-0.6369426751592355,4,-1.4871841821915033,False,40.275001525878906,-13.73955298675118,-2.7897080036825117,2.228601622028248,WAIT,5R+
266,MNDY,85.0999984741211,88.84800033569336,81.65500106811524,25.839174695736855,22,63.5,102.0,-16.568628946940102,1.1505408297529773,118.45000076293945,134.9000015258789,87.70237549373081,4.5824993678501675,81.65500106811524,85.11075019836426,88.84800033569336,-1.9500371448985199,-1.6536209796834234,0.2964161652150965,0.6857589184896139,0.786442689607479,0.3038306270010891,16.127451728372023,8.44531922398588,11,-16.825824893597442,False,85.16000366210938,-16.509800331265325,-4.150905658708881,4.292453062452739,WAIT,5R+
267,NAVN,21.389999389648438,25.492300033569336,21.24250030517578,47.981403996286254,22,63.5,30.8799991607666,-30.731865378983947,1.0814305103502673,36.964999198913574,43.04999923706055,25.253192833491735,0.9564288003104073,20.632500076293944,21.29000015258789,25.492300033569336,-23.169222719807248,0.19698727909918112,23.366209998906427,0.47082990822941784,0.8357097693130469,0.09039702707183446,19.705311539898073,6.765004750908621,4,0.5002360332600153,False,21.3799991607666,-30.764249540750832,-16.13154116100738,0.6472818812073511,WAIT,5R+
268,TTD,11.96500015258789,11.739999771118164,11.869999885559082,102.00852688343757,22,61.0,19.549999237060547,-38.79795079528148,0.5203734412289797,23.674999237060547,27.799999237060547,11.62299975327083,0.4680000713893345,12.24650011062622,13.217750120162965,14.297500095367432,-44.24330391039181,-11.048711080401208,33.1945928299906,0.6680511412223915,0.6894366051097945,0.20170562450488513,21.09974506894261,0.28818416083016274,12,-15.660921646748893,False,11.949999809265137,-38.87467889711341,1.7887567482207212,0.6739673502725196,WAIT,5R+
269,TOST,30.454999923706055,32.95610008239746,29.986499977111816,35.49619814595014,22,57.5,37.20000076293945,-18.131722314245525,1.0086663763477313,41.73000144958496,46.26000213623047,32.70892145974295,0.9887144906180245,29.986499977111816,30.623250007629395,32.95610008239746,-0.3880024816571126,0.8848122580973783,1.2728147397544909,0.7110885967732965,0.9236794834846136,0.21014689165749584,12.17742095091172,2.8917303865844346,7,-6.225492362408946,False,30.434999465942383,-18.18548698455058,-7.649875471162471,1.4956713493502027,WAIT,5R+
270,BZ,15.204999923706055,15.897999992370606,14.824115436916122,58.86105918333185,22,47.5,19.334999084472656,-21.36022423752415,0.7979560068929396,22.162498474121094,24.98999786376953,15.791571420260839,0.4257142884390695,14.597500038146972,14.964499998092652,15.897999992370606,-0.5827544183327982,0.7676451158454167,1.350399534178215,0.4958001641230849,0.6868753769741031,0.09368139292396908,14.623736868542792,2.706456262682022,4,-0.7770254705142254,False,15.204999923706055,-21.36022423752415,-4.359039306812928,2.569357263917582,WAIT,5R+
271,PEG,71.29000091552734,72.75259994506835,68.43644019412895,49.48165492477198,21,40.0,80.66000366210938,-11.616665411811356,0.9423830443032312,88.41000366210938,96.16000366210938,72.4361714880807,1.265713827950614,67.85699920654297,69.34749946594238,72.75259994506835,-19.255093592530947,1.309267580949025,20.564361173479973,0.7849897334458216,1.3727630369528436,1.0238907080055903,9.60823164906528,0.04456808852320027,4,-0.920693719786625,False,71.30000305175781,-11.604265045116147,-1.9966254050127752,4.184266232296707,WAIT,5R+
272,RAMP,37.68000030517578,37.70880012512207,37.65929821169586,16.15481665829984,20,56.5,38.0099983215332,-0.8681874004989765,1.2144307023453143,38.42999839782715,38.849998474121094,37.664157199859616,0.1785717010498047,37.596000289916994,37.6454999923706,37.70880012512207,-6.79971334662004,-1.4839893263281612,5.315724020291879,0.44729331898799035,1.1403256585333905,0.16295318385650223,1.104972625205325,0.26631768535338995,5,-0.3984104111544373,False,37.68000030517578,-0.8681874004989765,-0.07637426767949096,0.05497206390714382,WAIT,5R+
273,TIGO,90.29000091552734,93.65000045776367,90.06238758995289,32.80335457352975,20,47.5,107.12999725341797,-15.719216624317934,0.8563936480944906,119.34499740600586,131.55999755859375,92.8666965157645,3.133215767996652,89.95799942016602,92.62700004577637,93.65000045776367,-11.014320534043598,-6.163738726369794,4.850581807673804,0.7288525864980748,0.8228712226113871,0.17537588554126363,11.402035345612017,1.6458276376509762,11,-13.048053393408033,False,90.38999938964844,-15.625873511571886,-3.4810475730702173,0.36376095333729985,WAIT,5R+
274,ENPH,33.59000015258789,36.804799995422364,33.053835361015906,39.57169066375151,19,63.5,43.279998779296875,-22.38909172831175,1.1729664876766042,51.30499839782715,59.32999801635742,36.43837141581944,1.4657143184116908,32.735000419616696,34.303000164031985,36.804799995422364,-28.905870912894084,-4.241580330508232,24.664290582385853,0.7068913425278208,1.0801603650608462,0.2770353061102856,18.542051397582426,-0.2419051015895346,4,-4.274027532654168,False,33.58000183105469,-22.41219321124891,-8.761895635267047,1.5918469499589305,WAIT,5R+
275,FLUT,75.91000366210938,94.64639999389648,74.54000091552734,33.08589691783641,19,63.5,110.26499938964844,-31.156755015376415,1.1999731667607063,130.29999923706055,150.33499908447266,93.56879283905029,4.310428619384766,77.95500030517579,86.68900032043457,94.64639999389648,-38.79502847453207,-16.172330718449558,22.62269775608251,0.6052616062463868,0.8483832779419005,0.20617402991087497,18.16986347282652,-7.067881168173118,7,-11.69049977711315,False,75.9000015258789,-31.165826013685795,-19.806773917683596,1.8245245420546619,WAIT,5R+
276,APLD,24.957700729370117,27.140154075622558,24.360000610351562,27.400578244755,19,53.5,33.040000915527344,-24.462166955809316,0.8024255364420034,38.095001220703125,43.150001525878906,26.740350573403493,1.5992140088762556,25.4047700881958,25.850385093688963,27.140154075622558,-27.603834817831384,-14.382054530164112,13.221780287667272,0.6543874984964888,0.9626805737659055,0.7171431841429481,15.29963730358177,21.861660215859423,10,-17.344080603187294,False,25.024999618530273,-24.25847782961281,-7.793450439517324,2.729880917556815,WAIT,5R+
277,QBTS,15.659899711608887,18.04739803314209,,29.448165035443967,19,53.5,22.0,-28.818637674505066,0.8021397704914903,25.369999885559082,28.739999771118164,17.798737315450396,0.9946428707667759,16.510989952087403,16.762995052337647,18.04739803314209,-31.11422387124424,-12.65081120204432,18.46341266919992,0.6292649884288977,0.9671678036163536,0.46494870932746096,15.318181297995825,7.436994778296224,8,-12.700225237365615,False,15.654999732971191,-28.840910304676402,-13.256195135595272,,WAIT,5R+
278,KVYO,16.729999542236328,17.567400093078614,16.04000015258789,31.6066513296274,19,47.5,20.915000915527344,-20.00956820510613,0.86531610226185,23.98750114440918,27.060001373291016,17.364275093078614,0.8125,16.04000015258789,16.1375,17.567400093078614,-6.202705788252882,3.588830253562869,9.791536041815752,0.4863709940249864,0.8151762285856918,0.3180855297228052,14.69041403006015,4.029767884054958,9,-11.978546761809794,False,16.725000381469727,-20.03347047882246,-4.795244072233462,4.270574952403106,WAIT,5R+
279,VSAT,70.73999786376953,74.97599960327149,69.66999816894531,27.33593299207826,19,47.5,88.4000015258789,-19.977379363437507,0.8001579389667393,99.87000274658203,111.34000396728516,74.06533000401089,3.6426783970424106,71.44199905395507,72.4619987487793,74.97599960327149,-11.391241536957464,-7.49761972222065,3.8936218147368145,0.6964889744218806,0.7350323391858103,0.4132697449578865,12.975114279093436,6.616412484858891,11,-10.958360065681916,False,70.7699966430664,-19.943444093325446,-5.609799112330283,1.57886967565819,WAIT,5R+
280,RGTI,15.043999671936035,16.149880084991455,,28.318032940491296,18,53.5,19.364999771118164,-22.31345288021467,0.9065807822789892,22.482499599456787,25.59999942779541,15.926255106244769,0.8944999149867466,15.765899753570556,15.663949966430664,16.149880084991455,-18.073306033754356,-10.76482644438398,7.308479589370377,0.40167512488125834,0.850022015015456,0.4713895578282898,16.098630855592376,12.643677419758358,7,-11.074431476152757,False,15.045000076293945,-22.308286836477333,-6.841413080981984,,WAIT,5R+
281,SHAZ,48.0099983215332,46.5,,53.08189255896093,17,61.0,80.0,-39.987502098083496,0.592043027022051,100.43499946594238,120.86999893188477,45.48392847606114,4.064286095755441,52.68599967956543,54.5564998626709,56.36419998168945,-43.95576960336231,-25.877026826619698,18.078742776742615,0.4042219078475502,0.6744111999711342,0.3962791224458524,25.54374933242798,26.44528298085731,10,-26.435689489793734,False,48.14500045776367,-39.81874942779541,3.5376353930401505,,WAIT,5R+
282,DUK,114.6449966430664,120.25069946289062,114.00351481652382,63.99593328249579,17,40.0,132.64999389648438,-13.573311784294894,0.7940389504271983,142.7749900817871,152.89998626708984,119.89873505728585,1.4078576224190849,113.87349929809571,116.08124923706055,120.25069946289062,-16.564667683403933,-3.2617172708781617,13.302950412525771,0.7138078914886332,0.9290626636411241,0.39110000942820894,7.632865926253984,-0.1401384210220291,4,-1.2279637747976246,False,114.59500122070312,-13.611001512650478,-4.703256003872847,0.5188317264877673,WAIT,5R+
283,XEL,71.73999786376953,75.42340057373048,71.07158617268873,46.545156163744,17,40.0,82.56999969482422,-13.116146143977215,0.9296647998622504,89.49499893188477,96.41999816894531,75.12107913970948,1.2092857360839844,70.5760009765625,72.10300064086914,75.42340057373048,-16.882849837297233,-2.2742712117991504,14.608578625498083,0.7216540420887932,0.968477301897121,0.420848130872083,8.386822408447504,-0.2547414319938768,4,-1.3904700769813205,False,71.76000213623047,-13.091919097186766,-4.857111201077224,0.9686233284128987,WAIT,5R+
284,TMUS,163.8249969482422,175.79830017089844,162.22999572753906,31.85931055176669,16,75.0,189.8699951171875,-13.717279632766822,1.2590555375624817,208.8949966430664,227.9199981689453,174.75946110316687,4.155356270926339,164.27849884033202,169.0777488708496,175.79830017089844,-16.042679307086118,-0.9589496211314108,15.083729685954708,0.6437432737385091,0.9056032300939909,0.2491146063221017,10.020014754904638,0.7139787289143662,6,-3.3884046218410013,False,163.8179931640625,-13.720968358926722,-6.814802529483821,0.9788556237099622,WAIT,5R+
285,IBM,222.94000244140625,232.14679870605468,221.6300048828125,31.645872615484713,16,57.5,251.82000732421875,-11.4685108580866,1.2455967330921167,278.135009765625,304.45001220703125,230.69358515058244,5.8128542218889505,223.8699981689453,231.07549896240235,232.14679870605468,-33.17685742906434,-5.477877358506278,27.698980070558065,0.6650000520738933,0.84855977766292,0.25637279842072586,10.449925214848243,-0.06894035272266841,11,-5.747418183598119,False,222.9001007080078,-11.48435619691508,-3.9831253541234846,0.5730703412053284,WAIT,5R+
286,INTU,289.3854064941406,322.8497076416016,282.33340872857633,37.921960304715576,16,57.5,372.9800109863281,-22.4126232049609,1.0457126683816282,428.3100128173828,483.6400146484375,320.06872521536695,11.123929704938616,279.0785369873047,296.9202682495117,322.8497076416016,-0.6332422844845143,-2.844255574544774,-2.2110132900602597,0.6719126048955533,0.8637687323097357,0.33798592155516693,14.834575634425317,-2.765608658222729,11,-13.744570716852023,False,289.1300048828125,-22.481099156434205,-10.44439625022725,2.4072943350356812,WAIT,5R+
287,SOFI,15.96500015258789,17.42529989242554,15.720000267028809,31.834176357087426,16,57.5,19.4950008392334,-18.10720971881896,1.0454418742793292,21.80250120162964,24.11000156402588,17.287799827711925,0.5500002588544574,16.098499965667724,16.61124978065491,17.42529989242554,-16.940708795900438,-8.79406498517612,8.146643810724317,0.6457915954867337,0.8231343072932505,0.372132247499009,11.83636964894319,0.527241676607515,10,-9.498835250203907,False,15.96500015258789,-18.10720971881896,-8.380342082218128,1.5585234185583774,WAIT,5R+
288,VRSK,165.0749969482422,182.53110107421875,162.8000030517578,68.91750861370939,16,55.0,226.0800018310547,-26.98381298156587,0.7230804015520126,258.36500549316406,290.65000915527344,181.43074347359794,4.401430402483259,167.18350219726562,172.32975158691406,182.53110107421875,-19.95309293692513,-5.822872238196464,14.130220698728667,0.6921091531118705,0.8356237207789524,0.187561926684964,14.280344745500905,-0.045587685082049134,12,-7.924296713458201,False,164.99000549316406,-27.021406512346914,-9.609921529987552,1.3452103196275766,WAIT,5R+
289,OC,119.91429901123047,136.76728607177733,119.74842987060546,42.64152621470145,16,47.5,159.8800048828125,-24.997313391925246,0.9579169525273957,183.06000900268555,206.2400131225586,135.6816606957572,4.342501504080636,119.74842987060546,123.32021408081054,136.76728607177733,-19.73100867809132,-7.156033694327157,12.574974983764164,0.6807285741345469,0.9485625136165918,0.2956083208945566,14.49837591440113,0.36187388326216485,6,-6.973696813372621,False,119.8550033569336,-25.03440099042785,-12.365736866320464,0.08899781520583794,WAIT,5R+
290,MDB,361.2001037597656,391.9240008544922,348.77653653305,24.096603909471177,15,63.5,473.1000061035156,-23.652483808944613,1.026589890025594,563.7550048828125,654.4100036621094,384.79307880946567,28.523688180106028,371.0800079345703,377.67650451660154,391.9240008544922,-6.484967943181608,-17.376480363914794,-10.891512420733186,0.6456935269930345,2.615640659461378,0.29191526388216765,19.16191029586698,20.13764113522647,10,-29.85573703208081,False,361.8868103027344,-23.507333410696994,-7.6640344776715,3.7589322664892233,WAIT,5R+
291,BSP,33.13999938964844,31.43000030517578,33.01199951171875,79.80286543205452,15,61.0,58.939998626708984,-43.77332853443456,0.5141721523140841,73.3549976348877,87.7699966430664,30.904643263135636,2.1014281681605746,33.01199951171875,35.87799968719482,39.05659996032715,-10.1701749542623,-10.207302387607042,-0.037127433344741334,0.687062516941679,1.3757455668720782,0.33796351612842623,24.457073878597747,2.807950657724545,11,-19.01571967785124,False,33.13999938964844,-43.77332853443456,5.440658822364242,0.38773742827740154,WAIT,5R+
292,CBRS,175.30999755859375,165.22000122070312,174.5,47.65790593381685,15,61.0,265.6300048828125,-34.00218562058343,0.4984534262968002,317.27000427246094,368.9100036621094,162.02955463954382,12.761786324637276,188.05500030517578,191.4569999694824,200.43699981689454,-10.51324003489842,-19.296420797838266,-8.783180762939846,0.6570449192887521,1.2559176631307387,0.7160434934523399,19.440574649098984,17.21759052606149,10,-22.216468917572087,False,175.52000427246094,-33.92312575911943,6.234113893994553,0.5845296690320634,WAIT,5R+
293,FICO,681.1799926757812,586.0499877929688,,90.20078395619221,15,61.0,1410.1700439453125,-51.695187711546794,0.4918212258647833,1822.2300720214844,2234.2901000976562,572.3452279227121,54.819039481026785,734.42099609375,850.3624969482422,1005.4849975585937,-53.18354458058084,-27.34196269748299,25.841581883097852,0.6629216944860757,3.762808033652466,0.5711816245597207,29.22059150564058,1.868575582742804,12,-38.28974051124977,False,680.344970703125,-51.75440198689192,16.08992148694788,,WAIT,5R+
294,FSLR,179.52999877929688,168.60000610351562,177.53978538173112,76.53299424886644,15,61.0,269.70001220703125,-33.43344803355689,0.49038868100321686,320.25001525878906,370.8000183105469,166.6185076577323,7.925993783133371,176.93100128173828,189.34000091552736,206.455400390625,-26.945710045170458,-12.413920780578191,14.531789264592266,0.6918530419164173,1.0519638584940898,0.25340568510583844,18.743048114122395,0.4710283466714982,9,-12.1737745317403,False,179.47999572753906,-33.45198828179367,6.453137147185761,1.092831300677899,WAIT,5R+
295,WDC,413.7099914550781,396.57000732421875,,40.21834685290386,15,61.0,580.0,-28.67069112843481,0.5070611796901363,676.5400085449219,773.0800170898438,389.6087564740862,27.845003400530135,447.51800231933595,444.9720001220703,462.9105987548828,-31.806839853476397,-12.783708641130787,19.02313121234561,0.675779481640479,1.1705953788314483,0.8762998792317193,16.64482905946929,14.984467488770559,9,-16.28068878796465,False,413.7650146484375,-28.661204370959048,4.3359323717491405,,WAIT,5R+
296,CARG,29.040000915527344,34.59740005493164,29.020000457763672,40.5987153775395,15,53.5,41.220001220703125,-29.54876260182706,0.9066066703956578,47.51250171661377,53.805002212524414,34.279284037181306,1.2724640710013253,30.41299991607666,32.051749801635744,34.59740005493164,-22.04871103954438,-10.909719999351253,11.138991040193126,0.6350834779309967,1.523848455402949,0.5018526121504325,15.265648494814155,2.2475355681180087,12,-13.775968026840035,False,29.08180046081543,-29.44735662402449,-15.942237235627177,0.21295658882467539,WAIT,5R+
297,FA,18.670000076293945,20.623599929809572,17.860000610351562,43.497727314886255,15,53.5,25.149999618530273,-25.76540612534216,0.8278089130704978,29.057499885559082,32.96500015258789,20.429707042149136,0.7755715506417411,18.705000114440917,19.866999912261964,20.623599929809572,-12.214262923717346,-10.040620363489516,2.1736425602278295,0.6686532230362384,1.0919808731903684,0.15543539125374675,15.536780621458934,1.4691441524959714,12,-16.336874232906606,False,18.65999984741211,-25.805168467423734,-9.5211315632595,4.4792788898163405,WAIT,5R+
298,SRAD,12.130000114440918,12.9417999458313,12.080589011370384,26.035084051392207,14,47.5,15.140000343322754,-19.88111070426327,0.9151278343340079,17.30500030517578,19.47000026702881,12.774210690089635,0.6703570229666573,12.293000030517579,12.586499977111817,12.9417999458313,-31.923950639703,-12.63902242747662,19.284928212226383,0.42177107992912405,0.742602073739337,0.14032571489316467,14.29986732337074,9.240923235432996,7,-13.972805587436742,False,12.114999771118164,-19.980188266896015,-6.388602653214837,0.2848433939387718,WAIT,5R+
299,XYZ,76.81999969482422,79.55639938354493,75.01500015258789,28.498011402051358,14,40.0,86.91999816894531,-11.619878839032937,0.9290697100517046,94.23999786376953,101.55999755859375,79.04114945002965,2.060999734061105,75.01500015258789,76.5224998474121,79.55639938354493,-6.6331269974612805,-2.7459706102355708,3.8871563872257098,0.44877048966748556,0.9104185090993461,0.26665445149048156,8.421536871867419,0.3530752435679352,8,-5.811831129302536,False,76.83000183105469,-11.6083715490638,-3.426999680247167,2.4195183293673317,WAIT,5R+
300,AEE,100.7249984741211,105.53990005493164,99.79667569021105,51.38815829805785,13,40.0,114.75,-12.222223551964184,0.8844685250500866,123.20000076293945,131.6500015258789,105.19623915536063,1.3746435982840401,99.73549880981446,101.65524978637696,105.53990005493164,-17.998293443028057,-2.7499347494108206,15.248358693617236,0.7103657299579494,1.3810528606672265,0.1927784172515305,7.363835087528936,-0.3609390596170603,4,-1.2074833783524919,False,100.70500183105469,-12.23964982043164,-4.581109344769585,0.9101767514413606,WAIT,5R+
301,CMS,64.625,68.01809936523438,63.69557424884707,63.924960924065786,13,40.0,76.38999938964844,-15.401229851616815,0.8185157794597046,83.43999862670898,90.48999786376953,67.7768493270874,0.9650001525878906,63.403500366210935,64.81374931335449,68.01809936523438,-22.164993332457616,-1.277834742891204,20.88715858956641,0.730207300348351,1.3214908067731232,0.27503404037181894,9.228955744717403,-0.11084670329822854,4,-0.8402070047709098,False,64.62000274658203,-15.407771615536037,-4.995871173061905,1.4513229665272798,WAIT,5R+
302,EXC,41.18000030517578,43.62980010986328,40.59396498590426,57.59062347104218,13,40.0,48.4900016784668,-15.075275562502622,0.872397582926779,52.87000274658203,57.250003814697266,43.46935380663191,0.6417852129255023,40.58000030517578,41.59500007629394,43.62980010986328,-19.88769160265278,-3.313448298086763,16.574243304566018,0.7179172932607408,1.3114204118339146,0.16071149852630817,9.032792156120472,-0.7126987235623106,4,-1.4603963621386384,False,41.16999816894531,-15.095902776122438,-5.637894133651756,1.4190118734178192,WAIT,5R+
303,LNT,65.01499938964844,67.72549964904785,64.00880913160995,55.01056148302221,13,40.0,75.30999755859375,-13.670161336727505,0.9487276184462904,82.76499557495117,90.2199935913086,67.45210676738193,1.0935715266636439,63.879499435424805,65.10124988555908,67.72549964904785,-21.85424092913356,-1.2189365966989607,20.6353043324346,0.7487763520557674,1.3826233105143058,0.27768570812979704,9.899081473953286,-0.4333122822502755,5,-2.797630594988454,False,64.99500274658203,-13.69671377825541,-4.031711713631047,1.540715455187347,WAIT,5R+
304,WEC,102.31999969482422,106.10619995117187,101.6919917037294,48.634563869693984,13,40.0,116.25,-11.982795961441528,0.8214444157146866,124.89999771118164,133.54999542236328,105.71977111816406,1.54571533203125,101.52699966430664,102.9185001373291,106.10619995117187,-18.961055564750396,-2.3261635191829555,16.63489204556744,0.7304328211963458,1.2031290062440492,0.21736963680811372,7.440858246177751,-0.24311970781711878,5,-2.71007869923362,False,102.30989837646484,-11.991485267557122,-3.577831998935044,0.6076256963632565,WAIT,5R+
305,CMCSA,21.53030014038086,24.652006034851073,21.362500190734863,38.79732177229773,12,57.5,27.350000381469727,-21.278611187997832,1.066498080308616,30.385000228881836,33.420000076293945,24.50423825263977,0.5910711288452148,21.811030006408693,22.855014991760253,24.652006034851073,-14.142798986256654,-5.798528785011603,8.34427020124505,0.6289701335767459,1.0745957066251666,0.2558163413942525,11.096891426255318,-2.9437994878062868,4,-2.0680181902855477,False,21.55500030517578,-21.188299800610586,-12.562895389920758,0.9011122889277079,WAIT,5R+
306,CALX,34.39500045776367,36.76029998779297,34.27649238786873,32.56194650059761,12,47.5,40.880001068115234,-15.863504013970298,0.974367223305365,45.145002365112305,49.410003662109375,36.50279995237078,1.0300001416887556,34.04750022888184,34.586250114440915,36.76029998779297,-15.92149636123753,-3.9781375943839348,11.943358766853596,0.6894783704941977,1.0860258918844596,0.11013031826382443,10.43297745978682,2.8455272395868203,11,-8.667419123459641,False,34.41999816894531,-15.802355015612912,-6.366383896825656,0.4186711389622122,WAIT,5R+
307,GE,309.55999755859375,339.73600036621093,308.19000244140625,48.78024495372554,12,47.5,388.8399963378906,-20.388848761948054,0.8320869455353184,431.25999450683594,473.67999267578125,337.8597491455078,7.5050048828125,315.29400024414065,316.48249969482424,339.73600036621093,-20.03810450842084,-4.856324556000658,15.181779952420182,0.6952497603773647,1.0017015135365317,0.26842488567348216,10.909371095684195,6.526627370665783,7,-7.059218134582812,False,309.3599853515625,-20.440286939325635,-8.94106452713439,0.37963039063173554,WAIT,5R+
308,KD,11.5649995803833,12.842099990844726,11.404999732971191,26.35758730385347,12,47.5,14.710000038146973,-21.380016652670587,0.9472698016944988,16.615000247955322,18.520000457763672,12.698957137380328,0.5725714138575962,11.608499908447266,12.1927499294281,12.842099990844726,-10.369297552278633,-5.934681665743192,4.4346158865354415,0.6490222806827628,1.0641932540737413,0.21976239634297184,12.950375288022942,-3.785492778850452,11,-10.204917254290303,False,11.5649995803833,-21.380016652670587,-9.944638426518127,1.4028921627201818,WAIT,5R+
309,INFY,10.529999732971191,11.611599998474121,,29.57411818171915,9,50.0,12.720000267028809,-17.216984969208394,1.0195542831630704,13.930000305175781,15.140000343322754,11.533207118170601,0.31357152121407644,10.735000133514404,10.890000057220458,11.611599998474121,-10.645490710776095,-3.967748269564575,6.677742441211519,0.6109294556109268,1.0386879642159053,0.5329499933872281,9.512578716553822,0.0930253849473095,4,-2.1375510317674595,False,10.529999732971191,-17.216984969208394,-9.314825395682448,,WAIT,5R+
310,OTIS,66.62999725341797,70.1595997619629,66.41824320389996,27.966419856399654,9,50.0,75.31999969482422,-11.537443543037352,1.1081758782866433,81.48750114440918,87.65500259399414,69.75454607827324,1.6202147347586495,65.82600021362305,67.22099990844727,70.1595997619629,-14.534053675504222,-3.9600511429644603,10.574002532539762,0.6855364314105179,1.1587151191286544,0.18022617708617886,8.188398134059959,0.9279676816642102,12,-7.216865327484423,False,66.58999633789062,-11.590551503326008,-5.087833220518934,0.25859331067126234,WAIT,5R+
311,JBL,303.6199951171875,316.46620056152346,299.0,32.6435080672836,7,55.0,376.9700012207031,-19.457783342439416,0.7258292852566637,423.25999450683594,469.54998779296875,313.19468348911835,13.086068289620536,306.9569976806641,305.09949798583983,316.46620056152346,-13.624619538278226,-3.5649424247204853,10.059677113557742,0.4244977438151461,1.5509538546083683,0.2468434944398771,12.279489915971208,7.768463217109978,6,-10.829956046954948,False,303.3349914550781,-19.533387146770387,-4.149324345900418,1.4498299180863317,WAIT,5R+
312,AKAM,108.23999786376953,111.62839965820312,106.33000183105469,17.513406810095184,6,55.0,128.4600067138672,-15.740314333889039,0.7450274604389582,142.30501174926758,156.15001678466797,109.87679230826241,7.006429399762835,109.86599960327149,109.3064998626709,111.62839965820312,-21.467939490507916,-10.364926650229279,11.103012840278637,0.3340556320147903,2.294289763889414,0.19448923192374643,10.777677340651914,13.361407576511365,9,-12.191828895435808,False,108.26000213623047,-15.72474196006417,-3.0175094620064513,1.815104177504212,WAIT,5R+
313,JKHY,145.13499450683594,157.1134994506836,144.61336027942153,41.138815906179914,6,40.0,174.99000549316406,-17.0609806555463,0.8883169610060145,191.61500549316406,208.24000549316406,156.2748388017927,3.354642595563616,145.77849884033202,151.40625,157.1134994506836,-8.502424602835056,-4.489493974463176,4.01293062837188,0.3838721253818139,0.7325032473648032,0.14745942994841674,9.500542589930628,-1.9315927330096794,5,-3.0638734031857906,False,144.84500122070312,-17.226700569272534,-7.80868497797762,0.1601794888342445,WAIT,5R+
314,GEN,22.895000457763672,27.846700057983398,22.405500221252442,27.113635423830782,5,81.0,31.649999618530273,-27.661925011969892,1.3619486339070044,37.304999351501465,42.959999084472656,27.49786084311349,1.3953568594796317,22.405500221252442,26.14975004196167,27.846700057983398,-18.27990170076166,-17.93499866806392,0.34490303269774003,0.3159814489677972,2.8515359862910956,0.21843065260066583,17.867297949856308,-2.049733217943872,11,-30.222983126016857,False,22.875,-27.7251176123008,-17.85382127013666,2.095466622531461,WAIT,5R+
315,CHTR,109.72000122070312,139.50880111694335,108.30000305175781,39.11250888893005,5,63.5,160.6999969482422,-31.72370671790278,1.2427494195061224,188.5949935913086,216.489990234375,138.25380127498082,5.0199993678501675,111.81900100708008,123.0055004119873,139.50880111694335,-24.823180304066305,-8.26035311206319,16.562827192003116,0.35983149962543626,1.0016531897040282,0.29031350112569904,17.358430101309064,-4.272164647679699,12,-18.14776846308146,False,109.87000274658203,-31.63036413624285,-21.245110081274778,1.449676501000563,WAIT,5R+
316,QNT,45.4900016784668,44.58000183105469,,58.64924662026754,5,61.0,72.4000015258789,-37.16850729318466,0.4875310158955959,86.31000137329102,100.22000122070312,43.86848374775478,2.846072333199637,47.87100028991699,49.18400001525879,52.785800018310546,-46.821832039549946,-13.311025767190099,33.510806272359844,0.39746585215154684,1.2092715974510024,0.3235221277313354,19.21270656664291,5.979050280643228,12,-13.571151127384262,False,45.52000045776367,-37.127072516023574,2.108565697846543,,WAIT,5R+
317,BCE,19.631500244140625,22.455029945373536,,32.63315468792411,4,67.5,23.940000534057617,-17.997076832924954,1.373817248455037,26.135001182556152,28.330001831054688,22.342262078693935,0.4510714667184012,20.394149780273438,21.540574836730958,22.455029945373536,-15.46369083970941,-11.362457357951284,4.1012334817581255,0.5490604464237224,1.131590506723769,0.34418119732713953,9.16875772569794,-3.9555528428819486,9,-9.532629870932253,False,19.6200008392334,-18.045111104648825,-12.625363284025571,,WAIT,5R+
318,RCI,30.350000381469727,34.824399909973145,30.209999084472656,31.879914912123127,2,57.5,38.09000015258789,-20.32029335813037,1.1367006370609776,42.0600004196167,46.03000068664551,34.59743567466736,0.9078569412231445,31.28299961090088,33.391999912261966,34.824399909973145,-14.370636548046766,-10.606873030155128,3.763763517891638,0.3110831961876091,1.2850869110589018,0.2998075618603828,10.422683778222774,-2.7985544950483443,12,-14.0535973637268,False,30.350000381469727,-20.32029335813037,-12.848461251508958,0.46342701502770645,WAIT,5R+
